user-id,timestamp,accX,accY,accZ,ActivityEncoded
6,58933792278000,-0.19,10.0,-0.42,Standing
6,58933842296000,-0.27,9.96,-0.34,Standing
6,58933892314000,-0.3,10.0,-0.27,Standing
6,58933942333000,-0.19,9.96,-0.38,Standing
6,58933992259000,-0.23,10.0,-0.34,Standing
6,58934042278000,-0.3,9.96,-0.34,Standing
6,58934092266000,-0.3,9.96,-0.3,Standing
6,58934142284000,-0.27,9.96,-0.3,Standing
6,58934192272000,-0.34,10.0,-0.3,Standing
6,58934192272000,-0.34,10.0,-0.3,Standing
6,58934282268000,-0.34,9.96,-0.34,Standing
6,58934332317000,-0.3,9.96,-0.38,Standing
6,58934382305000,-0.42,9.96,-0.42,Standing
6,58934432292000,-0.38,9.92,-0.34,Standing
6,58934482280000,-0.38,9.96,-0.34,Standing
6,58934532268000,-0.38,9.96,-0.38,Standing
6,58934582286000,-0.38,9.96,-0.42,Standing
6,58934632305000,-0.5,9.96,-0.46,Standing
6,58934682292000,-0.46,9.96,-0.34,Standing
6,58934732311000,-0.3,10.0,-0.34,Standing
6,58934782299000,-0.27,10.0,-0.3,Standing
6,58934832347000,-0.3,9.96,-0.42,Standing
6,58934882305000,-0.46,9.96,-0.5,Standing
6,58934932353000,-0.53,9.96,-0.57,Standing
6,58934982311000,-0.42,9.96,-0.42,Standing
6,58935032299000,-0.42,10.0,-0.38,Standing
6,58935082317000,-0.34,10.0,-0.42,Standing
6,58935132305000,-0.38,10.0,-0.5,Standing
6,58935182292000,-0.38,9.96,-0.53,Standing
6,58935242259000,-0.34,9.96,-0.5,Standing
6,58935292247000,-0.34,10.0,-0.42,Standing
6,58935292247000,-0.34,10.0,-0.42,Standing
6,58935362468000,-0.42,10.0,-0.38,Standing
6,58935412242000,-0.5,9.96,-0.61,Standing
6,58935462322000,-0.38,9.96,-0.53,Standing
6,58935512279000,-0.27,10.0,-0.46,Standing
6,58935562297000,-0.3,10.0,-0.42,Standing
6,58935612346000,-0.34,10.04,-0.42,Standing
6,58935662334000,-0.42,9.96,-0.53,Standing
6,58935712291000,-0.3,10.04,-0.53,Standing
6,58935762310000,-0.3,9.96,-0.57,Standing
6,58935812297000,-0.38,9.96,-0.46,Standing
6,58935862316000,-0.3,9.96,-0.5,Standing
6,58935912334000,-0.38,10.0,-0.46,Standing
6,58935962291000,-0.27,10.0,-0.5,Standing
6,58936012310000,-0.34,9.96,-0.5,Standing
6,58936062297000,-0.3,9.96,-0.69,Standing
6,58936112377000,-0.57,9.92,-0.5,Standing
6,58936162334000,-0.53,9.96,-0.42,Standing
6,58936212291000,-0.38,9.96,-0.57,Standing
6,58936262218000,-0.3,9.96,-0.53,Standing
6,58936312297000,-0.27,9.96,-0.53,Standing
6,58936362316000,-0.3,9.96,-0.61,Standing
6,58936412303000,-0.46,9.96,-0.57,Standing
6,58936462322000,-0.5,10.0,-0.5,Standing
6,58936512340000,-0.3,9.96,-0.53,Standing
6,58936562267000,-0.34,9.96,-0.53,Standing
6,58936612316000,-0.3,9.96,-0.53,Standing
6,58936662303000,-0.38,9.96,-0.65,Standing
6,58936712322000,-0.42,9.96,-0.53,Standing
6,58936762310000,-0.46,9.96,-0.5,Standing
6,58936812297000,-0.34,9.96,-0.46,Standing
6,58936862316000,-0.3,9.96,-0.5,Standing
6,58936912334000,-0.38,10.0,-0.57,Standing
6,58936962322000,-0.42,9.96,-0.5,Standing
6,58937012218000,-0.42,9.96,-0.53,Standing
6,58937062297000,-0.38,10.0,-0.53,Standing
6,58937112316000,-0.38,9.96,-0.5,Standing
6,58937112316000,-0.38,9.96,-0.5,Standing
6,58937212261000,-0.38,9.96,-0.57,Standing
6,58937262340000,-0.42,10.0,-0.46,Standing
6,58937312297000,-0.42,9.96,-0.53,Standing
6,58937362285000,-0.42,9.96,-0.5,Standing
6,58937412334000,-0.38,10.0,-0.53,Standing
6,58937462291000,-0.42,9.96,-0.53,Standing
6,58937512340000,-0.46,9.92,-0.57,Standing
6,58937562267000,-0.42,9.92,-0.57,Standing
6,58937612346000,-0.3,10.0,-0.61,Standing
6,58937662303000,-0.42,10.04,-0.61,Standing
6,58937712291000,-0.19,10.04,-0.46,Standing
6,58937762310000,-0.11,10.12,-0.46,Standing
6,58937812358000,-0.27,10.04,-0.23,Standing
6,58937862316000,-0.34,9.92,-0.5,Standing
6,58937912334000,-0.84,9.89,-0.61,Standing
6,58937962322000,-1.04,9.72,-0.5,Standing
6,58938012248000,-0.76,9.89,-0.38,Standing
6,58938062328000,0.15,10.08,-0.61,Standing
6,58938112316000,0.38,10.08,-0.72,Standing
6,58938162334000,0.0,9.96,-0.57,Standing
6,58938212322000,-0.5,9.89,-0.53,Standing
6,58938262310000,-0.95,9.89,-0.38,Standing
6,58938312328000,-0.53,9.96,-0.3,Standing
6,58938362346000,0.31,10.04,-0.5,Standing
6,58938412303000,0.23,10.04,-0.65,Standing
6,58938462841000,-0.08,9.96,-0.61,Standing
6,58938512340000,-0.15,10.0,-0.76,Standing
6,58938562328000,-0.04,10.08,-0.8,Standing
6,58938612346000,-0.15,9.96,-0.84,Standing
6,58938662334000,-0.42,9.96,-0.76,Standing
6,58938712322000,-0.46,9.92,-0.89,Standing
6,58938762340000,-0.5,9.89,-1.12,Standing
6,58938812328000,-0.42,9.85,-1.33,Standing
6,58938862438000,-0.15,9.92,-1.31,Standing
6,58938912303000,0.08,9.92,-1.08,Standing
6,58938962322000,-0.04,10.08,-0.89,Standing
6,58939012248000,-0.65,10.15,-0.69,Standing
6,58939062328000,-0.69,10.12,-0.84,Standing
6,58939112346000,-0.19,10.04,-0.95,Standing
6,58939162334000,-0.08,9.92,-1.46,Standing
6,58939212322000,-0.5,9.96,-1.18,Standing
6,58939262340000,-0.8,9.89,-1.27,Standing
6,58939312328000,-1.5,9.81,-1.08,Standing
6,58939362346000,-1.42,9.85,-1.08,Standing
6,58939412303000,-0.84,9.85,-1.14,Standing
6,58939462322000,-0.38,10.04,-0.95,Standing
6,58939512340000,0.0,9.96,-1.04,Standing
6,58939562328000,0.15,10.04,-1.12,Standing
6,58939612316000,-0.15,10.04,-1.18,Standing
6,58939662364000,-0.65,9.96,-1.18,Standing
6,58939712322000,-0.27,9.89,-1.38,Standing
6,58939762340000,-0.04,9.96,-1.31,Standing
6,58939812328000,-0.69,10.08,-1.18,Standing
6,58939862346000,-1.73,9.85,-0.65,Standing
6,58939912334000,-0.76,9.96,-1.14,Standing
6,58939962291000,0.38,10.38,-1.12,Standing
6,58939962291000,0.38,10.38,-1.12,Standing
6,58940052349000,-0.15,10.31,0.31,Standing
6,58940102519000,0.23,8.92,0.0,Standing
6,58940152263000,1.84,9.08,-0.19,Standing
6,58940202281000,0.11,10.53,0.38,Standing
6,58940254405000,-2.26,11.99,0.65,Standing
6,58940312297000,0.04,10.61,-0.15,Standing
6,58940372814000,-0.38,9.04,1.69,Standing
6,58940422283000,-0.27,9.23,0.84,Standing
6,58940472331000,1.04,9.7,0.19,Standing
6,58940522319000,2.26,10.53,0.93,Standing
6,58940572338000,2.49,8.5,0.84,Standing
6,58940622325000,1.5,9.53,1.73,Standing
6,58940672344000,1.33,9.89,1.8,Standing
6,58940722331000,1.31,9.72,1.54,Standing
6,58940772319000,1.08,9.38,1.31,Standing
6,58940822368000,0.19,9.11,1.84,Standing
6,58940872325000,0.15,9.89,2.83,Standing
6,58940932262000,1.73,10.38,1.04,Standing
6,58940982341000,0.76,8.96,2.03,Standing
6,58941032329000,0.89,10.12,1.95,Standing
6,58941082347000,2.53,9.08,1.73,Standing
6,58941132335000,2.49,9.23,1.42,Standing
6,58941182323000,1.8,9.15,2.07,Standing
6,58941232341000,1.61,9.92,2.53,Standing
6,58941282299000,1.23,9.58,2.72,Standing
6,58941332347000,0.99,9.47,2.76,Standing
6,58941382335000,0.69,9.43,2.68,Standing
6,58941432323000,0.84,9.58,2.49,Standing
6,58941482341000,0.84,9.47,2.37,Standing
6,58941532299000,0.76,9.47,2.37,Standing
6,58941582317000,0.8,9.47,2.37,Standing
6,58941632335000,0.99,9.51,2.45,Standing
6,58941682323000,1.08,9.47,2.53,Standing
6,58941732311000,1.14,9.47,2.41,Standing
6,58941782299000,1.14,9.47,2.37,Standing
6,58941832317000,1.14,9.51,2.41,Standing
6,58941882305000,1.14,9.47,2.41,Standing
6,58941932262000,1.08,9.43,2.53,Standing
6,58941982311000,1.14,9.38,2.53,Standing
6,58942032329000,1.12,9.47,2.53,Standing
6,58942082317000,1.12,9.51,2.45,Standing
6,58942132366000,0.99,9.43,2.45,Standing
6,58942182292000,0.95,9.47,2.45,Standing
6,58942232311000,0.93,9.47,2.49,Standing
6,58942282268000,0.99,9.47,2.53,Standing
6,58942332317000,1.04,9.38,2.53,Standing
6,58942382305000,1.08,9.47,2.53,Standing
6,58942432323000,1.12,9.43,2.41,Standing
6,58942482341000,1.14,9.51,2.49,Standing
6,58942532329000,1.08,9.38,2.53,Standing
6,58942582317000,1.12,9.47,2.53,Standing
6,58942632305000,1.04,9.47,2.53,Standing
6,58942682323000,0.95,9.43,2.49,Standing
6,58942732311000,0.99,9.43,2.49,Standing
6,58942782329000,1.04,9.47,2.56,Standing
6,58942832347000,0.99,9.43,2.53,Standing
6,58942882305000,0.95,9.43,2.53,Standing
6,58942932292000,0.99,9.47,2.49,Standing
6,58942982311000,0.99,9.47,2.53,Standing
6,58943042308000,0.99,9.43,2.53,Standing
6,58943092205000,1.04,9.43,2.53,Standing
6,58943142314000,0.99,9.47,2.53,Standing
6,58943192272000,0.95,9.43,2.49,Standing
6,58943242259000,0.95,9.47,2.49,Standing
6,58943292308000,0.76,9.38,2.45,Standing
6,58943342296000,0.8,9.43,2.56,Standing
6,58943392314000,0.99,9.51,2.6,Standing
6,58943442302000,1.08,9.43,2.53,Standing
6,58943492259000,1.08,9.34,2.45,Standing
6,58943542308000,1.14,9.38,2.41,Standing
6,58943592296000,1.12,9.51,2.45,Standing
6,58943642314000,0.93,9.47,2.53,Standing
6,58943692302000,0.84,9.43,2.49,Standing
6,58943742259000,0.76,9.47,2.49,Standing
6,58943792278000,0.76,9.47,2.45,Standing
6,58943842266000,0.8,9.47,2.45,Standing
6,58943892314000,0.84,9.43,2.34,Standing
6,58943942302000,0.84,9.53,2.41,Standing
6,58943992290000,0.8,9.51,2.37,Standing
6,58944042339000,0.72,9.47,2.41,Standing
6,58944092266000,0.69,9.47,2.49,Standing
6,58944142314000,0.72,9.51,2.53,Standing
6,58944192302000,0.8,9.47,2.49,Standing
6,58944242290000,0.84,9.51,2.45,Standing
6,58944292278000,0.95,9.51,2.45,Standing
6,58944342296000,0.93,9.47,2.37,Standing
6,58944392314000,0.89,9.47,2.37,Standing
6,58944442333000,0.8,9.51,2.45,Standing
6,58944492290000,0.76,9.47,2.49,Standing
6,58944542278000,0.61,9.51,2.49,Standing
6,58944592296000,0.76,9.47,2.56,Standing
6,58944642314000,0.69,9.58,2.72,Standing
6,58944692302000,1.31,9.72,2.79,Standing
6,58944742321000,1.27,9.58,2.91,Standing
6,58944792308000,1.23,9.28,2.15,Standing
6,58944842296000,0.5,8.92,2.22,Standing
6,58944892314000,0.65,9.04,2.34,Standing
6,58944942333000,1.27,9.53,2.83,Standing
6,58944992290000,1.84,9.53,2.64,Standing
6,58945042339000,1.57,9.3,2.3,Standing
6,58945092327000,1.04,9.3,2.34,Standing
6,58945142314000,1.12,9.34,2.34,Standing
6,58945192302000,1.42,9.3,2.15,Standing
6,58945242290000,1.38,9.43,2.22,Standing
6,58945292308000,1.27,9.51,2.26,Standing
6,58945342327000,1.5,9.62,2.15,Standing
6,58945392314000,1.54,9.72,2.15,Standing
6,58945442333000,1.12,9.89,2.3,Standing
6,58945492290000,0.57,9.66,2.18,Standing
6,58945542308000,0.53,9.28,1.84,Standing
6,58945592296000,1.57,9.7,2.07,Standing
6,58945642314000,1.84,9.77,2.18,Standing
6,58945692333000,1.61,9.38,1.95,Standing
6,58945742290000,1.73,9.66,2.34,Standing
6,58945792308000,1.46,9.47,2.15,Standing
6,58945842296000,1.33,9.38,2.11,Standing
6,58945892314000,1.31,9.53,2.26,Standing
6,58945942363000,1.12,9.23,2.26,Standing
6,58945992290000,1.18,9.34,2.37,Standing
6,58946042308000,1.08,9.28,2.3,Standing
6,58946092296000,1.14,9.28,2.34,Standing
6,58946142314000,1.42,9.47,2.41,Standing
6,58946192302000,1.46,9.51,2.56,Standing
6,58946242290000,1.42,9.43,2.49,Standing
6,58946292308000,1.38,9.47,2.45,Standing
6,58946342266000,1.38,9.47,2.49,Standing
6,58946392314000,1.61,9.62,2.3,Standing
6,58946442333000,1.54,9.34,2.18,Standing
6,58946492290000,1.31,9.19,2.22,Standing
6,58946542308000,1.38,9.34,2.41,Standing
6,58946592327000,1.23,9.53,2.53,Standing
6,58946642284000,0.84,9.51,2.53,Standing
6,58946692302000,0.61,9.47,2.49,Standing
6,58946742290000,0.8,9.53,2.45,Standing
6,58946792278000,0.93,9.53,2.3,Standing
6,58946842266000,1.18,9.47,2.3,Standing
6,58946892314000,1.42,9.43,2.34,Standing
6,58946942302000,1.5,9.38,2.34,Standing
6,58946992259000,1.42,9.38,2.3,Standing
6,58947042278000,1.27,9.38,2.3,Standing
6,58947092296000,1.18,9.51,2.41,Standing
6,58947142284000,1.14,9.47,2.41,Standing
6,58947192302000,1.12,9.43,2.34,Standing
6,58947242259000,1.23,9.43,2.41,Standing
6,58947292308000,1.18,9.51,2.45,Standing
6,58947342296000,1.18,9.43,2.37,Standing
6,58947392314000,1.38,9.7,2.45,Standing
6,58947442333000,1.12,9.47,2.22,Standing
6,58947492259000,0.84,9.34,2.22,Standing
6,58947542308000,-0.04,9.11,2.26,Standing
6,58947592296000,0.11,9.81,2.72,Standing
6,58947642284000,0.93,9.85,2.72,Standing
6,58947692302000,1.33,9.58,2.41,Standing
6,58947742290000,1.23,9.43,2.07,Standing
6,58947792308000,1.08,9.34,1.95,Standing
6,58947842266000,0.93,9.34,2.26,Standing
6,58947892314000,0.65,9.43,2.68,Standing
6,58947942302000,0.69,9.53,2.79,Standing
6,58947992290000,1.04,9.43,2.68,Standing
6,58948042308000,1.65,9.34,2.56,Standing
6,58948042308000,1.65,9.34,2.56,Standing
6,58948112346000,2.22,9.3,2.41,Standing
6,58948162303000,2.37,9.23,2.34,Standing
6,58948212322000,2.15,9.28,2.37,Standing
6,58948262340000,1.8,9.34,2.49,Standing
6,58948322338000,1.46,9.34,2.6,Standing
6,58948372295000,1.12,9.28,2.64,Standing
6,58948422344000,1.18,9.38,2.68,Standing
6,58948472331000,1.42,9.51,2.53,Standing
6,58948522319000,1.46,9.38,2.49,Standing
6,58948572338000,1.42,9.34,2.49,Standing
6,58948622325000,1.38,9.38,2.41,Standing
6,58948672344000,1.27,9.47,2.45,Standing
6,58948722362000,1.23,9.51,2.49,Standing
6,58948772319000,1.12,9.38,2.56,Standing
6,58948822338000,1.14,9.3,2.53,Standing
6,58948872295000,1.33,9.34,2.49,Standing
6,58948922344000,1.54,9.43,2.45,Standing
6,58948972331000,1.5,9.47,2.53,Standing
6,58949022319000,1.42,9.38,2.6,Standing
6,58949072338000,1.27,9.34,2.49,Standing
6,58949122325000,1.31,9.38,2.53,Standing
6,58949172313000,1.31,9.47,2.45,Standing
6,58949222423000,1.18,9.43,2.53,Standing
6,58949272319000,1.27,9.34,2.56,Standing
6,58949322338000,1.42,9.43,2.49,Standing
6,58949372295000,1.54,9.38,2.41,Standing
6,58949422283000,1.54,9.43,2.41,Standing
6,58949472331000,1.31,9.38,2.41,Standing
6,58949522319000,1.27,9.34,2.56,Standing
6,58949572307000,1.33,9.34,2.64,Standing
6,58949622295000,1.57,9.38,2.64,Standing
6,58949672344000,1.73,9.47,2.41,Standing
6,58949722331000,1.61,9.43,2.3,Standing
6,58949772289000,1.65,9.43,2.3,Standing
6,58949822338000,1.38,9.51,2.22,Standing
6,58949872295000,0.84,9.53,2.18,Standing
6,58949922344000,0.57,9.38,2.26,Standing
6,58949972331000,0.76,9.47,2.49,Standing
6,58950022319000,1.04,9.38,2.56,Standing
6,58950072338000,1.42,9.23,2.76,Standing
6,58950122325000,1.73,9.15,2.83,Standing
6,58950172313000,2.18,9.15,2.68,Standing
6,58950222331000,2.3,9.53,2.41,Standing
6,58950272289000,1.99,9.53,2.53,Standing
6,58950322338000,1.69,9.34,2.68,Standing
6,58950372295000,0.93,9.19,2.83,Standing
6,58950422344000,0.76,9.11,2.76,Standing
6,58950472331000,1.33,9.23,2.72,Standing
6,58950522350000,2.15,9.43,2.56,Standing
6,58950572338000,2.56,9.53,2.49,Standing
6,58950622325000,1.84,9.38,2.34,Standing
6,58950672344000,1.18,9.23,2.53,Standing
6,58950722331000,0.72,9.11,2.91,Standing
6,58950772319000,1.12,9.34,3.15,Standing
6,58950822338000,1.61,9.51,2.76,Standing
6,58950872295000,1.54,9.3,2.34,Standing
6,58950922313000,1.54,9.11,2.3,Standing
6,58950972331000,1.95,9.23,2.6,Standing
6,58951022319000,2.18,9.3,2.72,Standing
6,58951072338000,2.3,9.43,2.76,Standing
6,58951122356000,1.69,9.43,2.56,Standing
6,58951182323000,1.69,9.43,2.56,Standing
6,58951232280000,0.65,9.28,2.37,Standing
6,58951282390000,0.27,9.04,2.41,Standing
6,58951332317000,0.53,9.3,2.64,Standing
6,58951382640000,1.04,9.77,2.76,Standing
6,58951432323000,1.5,9.58,2.72,Standing
6,58951482341000,1.42,9.11,2.3,Standing
6,58951532390000,1.46,9.23,2.22,Standing
6,58951582347000,1.54,9.53,2.53,Standing
6,58951632335000,1.27,9.7,2.49,Standing
6,58951682353000,0.84,9.53,2.56,Standing
6,58951732311000,0.95,9.15,2.56,Standing
6,58951782329000,1.38,9.43,2.72,Standing
6,58951832378000,2.07,9.47,2.37,Standing
6,58951882335000,1.5,9.34,2.22,Standing
6,58951932292000,0.99,9.04,2.53,Standing
6,58951982341000,1.12,9.28,2.91,Standing
6,58952032329000,1.23,9.58,3.15,Standing
6,58952082317000,1.61,9.58,2.76,Standing
6,58952132335000,1.57,9.43,2.45,Standing
6,58952182323000,1.31,9.19,2.3,Standing
6,58952232341000,0.84,9.0,2.56,Standing
6,58952282329000,1.5,9.28,2.96,Standing
6,58952332347000,1.92,9.66,3.02,Standing
6,58952382396000,1.99,9.23,2.6,Standing
6,58952432292000,1.73,9.11,2.41,Standing
6,58952482372000,1.46,9.28,2.45,Standing
6,58952532329000,1.23,9.23,2.6,Standing
6,58952582347000,1.54,9.28,2.79,Standing
6,58952632335000,1.95,9.38,2.91,Standing
6,58952682323000,2.15,9.51,2.79,Standing
6,58952732341000,1.8,9.38,2.53,Standing
6,58952782329000,1.23,9.23,2.26,Standing
6,58952832317000,0.84,9.28,2.45,Standing
6,58952882701000,0.8,9.19,2.68,Standing
6,58952932292000,1.42,9.3,3.06,Standing
6,58952982372000,2.18,9.66,2.91,Standing
6,58953032329000,2.34,9.53,2.53,Standing
6,58953082347000,1.92,9.11,2.11,Standing
6,58953132335000,1.31,9.19,2.15,Standing
6,58953182323000,1.04,9.34,2.41,Standing
6,58953232341000,1.23,9.38,2.83,Standing
6,58953282329000,1.88,9.47,3.06,Standing
6,58953332347000,2.22,9.51,2.79,Standing
6,58953382305000,1.92,9.19,2.26,Standing
6,58953432292000,1.65,9.11,2.07,Standing
6,58953482341000,1.57,9.23,2.22,Standing
6,58953532329000,1.5,9.53,2.56,Standing
6,58953582347000,1.57,9.58,2.72,Standing
6,58953632335000,1.65,9.62,2.68,Standing
6,58953682323000,1.5,9.34,2.49,Standing
6,58953732341000,1.69,9.04,2.41,Standing
6,58953782299000,1.76,9.28,2.41,Standing
6,58953832347000,1.33,9.58,2.45,Standing
6,58953882274000,1.08,9.58,2.49,Standing
6,58953932323000,0.84,9.38,2.64,Standing
6,58953982341000,0.76,9.3,2.6,Standing
6,58954032299000,0.95,9.38,2.6,Standing
6,58954082317000,1.14,9.51,2.6,Standing
6,58954132305000,1.31,9.51,2.6,Standing
6,58954182628000,1.33,9.38,2.56,Standing
6,58954232341000,1.31,9.28,2.41,Standing
6,58954282329000,1.27,9.38,2.49,Standing
6,58954332347000,1.31,9.53,2.34,Standing
6,58954382274000,1.14,9.53,2.3,Standing
6,58954432262000,1.14,9.47,2.34,Standing
6,58954482341000,1.18,9.47,2.37,Standing
6,58954532299000,1.08,9.43,2.37,Standing
6,58954582347000,1.14,9.47,2.3,Standing
6,58954632335000,1.27,9.43,2.34,Standing
6,58954682323000,1.33,9.53,2.3,Standing
6,58954732311000,1.33,9.51,2.3,Standing
6,58954782299000,1.33,9.47,2.37,Standing
6,58954782299000,1.33,9.47,2.37,Standing
6,58954882305000,1.38,9.43,2.41,Standing
6,58954932262000,1.38,9.43,2.3,Standing
6,58954982341000,1.33,9.47,2.34,Standing
6,58955032329000,1.33,9.47,2.37,Standing
6,58955082347000,1.31,9.38,2.41,Standing
6,58955132335000,1.38,9.47,2.45,Standing
6,58955182323000,1.42,9.43,2.41,Standing
6,58955232372000,1.38,9.38,2.37,Standing
6,58955292278000,1.38,9.47,2.37,Standing
6,58955342266000,1.33,9.47,2.37,Standing
6,58955392314000,1.31,9.47,2.34,Standing
6,58955442302000,1.27,9.47,2.41,Standing
6,58955492259000,1.23,9.47,2.37,Standing
6,58955542308000,1.27,9.51,2.34,Standing
6,58955592266000,1.27,9.47,2.3,Standing
6,58955642284000,1.31,9.43,2.3,Standing
6,58955692272000,1.33,9.51,2.3,Standing
6,58955742290000,1.31,9.47,2.26,Standing
6,58955792278000,1.27,9.47,2.22,Standing
6,58955842296000,1.12,9.43,2.26,Standing
6,58955892314000,1.08,9.51,2.26,Standing
6,58955892314000,1.08,9.51,2.26,Standing
6,58955992107000,1.14,9.47,2.3,Standing
6,58955992107000,1.14,9.47,2.3,Standing
6,58956052288000,1.23,9.47,2.3,Standing
6,58956102367000,1.33,9.47,2.26,Standing
6,58956152263000,1.38,9.51,2.26,Standing
6,58956202312000,1.38,9.43,2.26,Standing
6,58956262218000,1.27,9.43,2.26,Standing
6,58956312267000,1.27,9.51,2.34,Standing
6,58956362346000,1.18,9.47,2.3,Standing
6,58956412303000,1.23,9.47,2.34,Standing
6,58956462352000,1.18,9.43,2.34,Standing
6,58956512310000,1.23,9.43,2.3,Standing
6,58956562297000,1.27,9.51,2.34,Standing
6,58956612316000,1.33,9.51,2.3,Standing
6,58956662303000,1.38,9.43,2.3,Standing
6,58956712291000,1.38,9.47,2.34,Standing
6,58956762340000,1.23,9.58,2.22,Standing
6,58956812328000,1.12,9.72,2.26,Standing
6,58956862346000,1.04,9.51,2.03,Standing
6,58956912334000,0.84,9.23,2.11,Standing
6,58956962322000,1.12,9.19,2.34,Standing
6,58957012279000,1.42,9.23,2.68,Standing
6,58957062297000,2.07,9.38,2.56,Standing
6,58957112346000,1.8,9.3,2.45,Standing
6,58957162334000,1.84,9.51,2.68,Standing
6,58957212322000,2.11,9.34,2.56,Standing
6,58957262340000,1.65,9.15,2.72,Standing
6,58957312267000,1.27,9.11,2.72,Standing
6,58957362346000,1.18,9.15,2.56,Standing
6,58957412334000,1.23,9.62,2.72,Standing
6,58957462322000,1.14,9.77,2.6,Standing
6,58957512340000,0.93,9.38,2.3,Standing
6,58957562297000,0.89,9.38,2.07,Standing
6,58957612346000,0.84,9.51,1.99,Standing
6,58957662334000,0.8,9.72,2.07,Standing
6,58957712322000,0.8,9.96,2.41,Standing
6,58957762340000,-0.3,9.92,2.98,Standing
6,58957812328000,1.33,10.53,1.38,Standing
6,58957862346000,0.76,10.12,1.84,Standing
6,58957912364000,0.15,9.0,1.65,Standing
6,58957962322000,-0.23,8.35,1.99,Standing
6,58958012248000,0.0,8.85,2.49,Standing
6,58958062328000,2.45,9.66,2.87,Standing
6,58958112346000,2.91,9.28,1.5,Standing
6,58958162334000,1.42,8.85,0.27,Standing
6,58958212291000,1.14,9.51,0.19,Standing
6,58958262584000,-1.57,10.95,2.79,Standing
6,58958312236000,-2.83,9.53,2.18,Standing
6,58958362346000,0.57,10.0,-1.53,Standing
6,58958412364000,2.76,10.69,2.3,Standing
6,58958462322000,1.31,9.89,2.18,Standing
6,58958512340000,0.38,9.19,0.23,Standing
6,58958562297000,-0.11,10.73,0.11,Standing
6,58958612346000,-1.92,10.46,0.27,Standing
6,58958662334000,-1.04,10.31,-0.34,Standing
6,58958712322000,-0.99,9.34,-0.3,Standing
6,58958762340000,0.15,10.04,0.04,Standing
6,58958812328000,1.14,10.12,-0.72,Standing
6,58958862316000,1.14,9.81,-0.57,Standing
6,58958912364000,0.99,10.31,-1.95,Standing
6,58958962322000,-0.34,10.15,-1.46,Standing
6,58959012248000,-0.61,9.85,-1.57,Standing
6,58959062297000,-0.69,9.89,-1.18,Standing
6,58959112346000,-0.72,9.96,-0.69,Standing
6,58959162334000,-0.8,10.04,-0.65,Standing
6,58959232311000,-0.42,10.04,-0.61,Standing
6,58959282268000,-0.04,10.12,-0.65,Standing
6,58959332378000,-0.34,10.0,-1.12,Standing
6,58959382244000,-0.72,10.0,-0.76,Standing
6,58959432323000,-0.42,10.0,-1.08,Standing
6,58959482341000,0.04,10.08,-0.95,Standing
6,58959532329000,-0.08,9.72,-0.42,Standing
6,58959582347000,-1.18,9.77,-0.08,Standing
6,58959632305000,-1.84,9.85,-0.84,Standing
6,58959682323000,-2.56,9.7,-0.69,Standing
6,58959732341000,-1.88,9.47,0.46,Standing
6,58959782329000,-1.92,9.85,1.57,Standing
6,58959832347000,-2.45,10.27,2.41,Standing
6,58959882305000,-1.69,9.51,2.34,Standing
6,58959932323000,-2.07,9.7,2.45,Standing
6,58959982341000,-1.18,9.72,2.56,Standing
6,58960032329000,-0.42,9.19,2.18,Standing
6,58960082347000,-0.53,8.77,1.46,Standing
6,58960132335000,-1.12,9.3,1.84,Standing
6,58960182323000,-1.65,9.85,2.6,Standing
6,58960232372000,-1.53,9.72,2.49,Standing
6,58960282329000,-1.08,9.38,2.11,Standing
6,58960332347000,-0.84,9.34,1.73,Standing
6,58960382335000,-0.53,9.7,1.88,Standing
6,58960432353000,-0.42,9.72,2.49,Standing
6,58960482311000,-0.27,9.72,2.15,Standing
6,58960532329000,-0.38,9.58,1.73,Standing
6,58960582317000,-0.15,9.58,1.8,Standing
6,58960632335000,-0.57,9.62,1.88,Standing
6,58960682323000,-0.76,9.72,1.92,Standing
6,58960732311000,-0.69,9.72,1.99,Standing
6,58960782329000,-0.5,9.58,1.65,Standing
6,58960832347000,-0.46,9.62,1.8,Standing
6,58960882305000,-0.53,9.77,1.92,Standing
6,58960932323000,-0.57,9.7,1.84,Standing
6,58960982341000,-0.69,9.58,1.76,Standing
6,58961032299000,-0.61,9.58,1.84,Standing
6,58961082347000,-0.46,9.66,2.11,Standing
6,58961132335000,-0.42,9.7,2.15,Standing
6,58961182323000,-0.5,9.77,1.99,Standing
6,58961232524000,-0.89,9.77,1.99,Standing
6,58961282329000,-0.72,9.43,1.57,Standing
6,58961332347000,-0.38,9.11,1.31,Standing
6,58961382305000,-0.99,9.77,1.33,Standing
6,58961432323000,-2.18,10.08,2.34,Standing
6,58961482341000,-2.11,9.96,2.53,Standing
6,58961532329000,-1.04,9.62,1.61,Standing
6,58961582317000,-0.3,9.62,1.73,Standing
6,58961632335000,-0.15,9.58,1.76,Standing
6,58961682292000,-0.57,9.62,1.76,Standing
6,58961732341000,-0.84,9.66,1.73,Standing
6,58961782299000,-0.84,9.77,1.69,Standing
6,58961832317000,-0.8,9.77,1.61,Standing
6,58961882274000,-0.8,9.72,1.61,Standing
6,58961932323000,-0.72,9.51,1.65,Standing
6,58961982341000,-0.57,9.66,1.73,Standing
6,58962032329000,-0.3,9.72,1.8,Standing
6,58962082317000,-0.3,9.72,1.76,Standing
6,58962132335000,-0.34,9.7,1.65,Standing
6,58962182323000,-0.53,9.77,1.54,Standing
6,58962232341000,-0.84,9.72,1.42,Standing
6,58962282329000,-0.91,9.7,1.46,Standing
6,58962332347000,-0.8,9.72,1.5,Standing
6,58962382335000,-0.65,9.7,1.57,Standing
6,58962432323000,-0.34,9.89,1.84,Standing
6,58962482341000,-0.08,9.66,1.88,Standing
6,58962532299000,-0.61,9.53,1.88,Standing
6,58962582317000,-1.33,9.81,1.88,Standing
6,58962632335000,-1.61,9.72,1.61,Standing
6,58962682292000,-1.42,9.72,1.69,Standing
6,58962732311000,-1.08,9.72,1.5,Standing
6,58962782329000,-0.69,9.7,1.61,Standing
6,58962832317000,-0.5,9.7,1.65,Standing
6,58962882335000,-0.42,9.72,1.69,Standing
6,58962932292000,-0.57,9.7,1.69,Standing
6,58962982311000,-0.61,9.72,1.69,Standing
6,58963032299000,-0.57,9.7,1.69,Standing
6,58963082347000,-0.61,9.72,1.69,Standing
6,58963132274000,-0.61,9.72,1.73,Standing
6,58963182292000,-0.65,9.72,1.65,Standing
6,58963232341000,-0.61,9.7,1.69,Standing
6,58963282299000,-0.76,9.7,1.69,Standing
6,58963332317000,-0.91,9.7,1.8,Standing
6,58963332317000,-0.91,9.7,1.8,Standing
6,58963432292000,-0.76,9.7,1.76,Standing
6,58963432292000,-0.76,9.7,1.76,Standing
6,58963532299000,-0.8,9.72,1.76,Standing
6,58963582347000,-0.69,9.66,1.76,Standing
6,58963632305000,-0.57,9.7,1.76,Standing
6,58963682262000,-0.57,9.66,1.76,Standing
6,58963732341000,-0.61,9.7,1.8,Standing
6,58963782299000,-0.65,9.66,1.8,Standing
6,58963832286000,-0.65,9.7,1.8,Standing
6,58963832286000,-0.65,9.7,1.8,Standing
6,58963932353000,-0.61,9.66,1.76,Standing
6,58963982311000,-0.57,9.7,1.73,Standing
6,58964032299000,-0.57,9.7,1.8,Standing
6,58964082347000,-0.61,9.66,1.73,Standing
6,58964132305000,-0.69,9.66,1.76,Standing
6,58964182262000,-0.72,9.66,1.76,Standing
6,58964232311000,-0.72,9.72,1.84,Standing
6,58964290325000,-0.76,9.72,1.84,Standing
6,58964342266000,-0.8,9.66,1.73,Standing
6,58964392284000,-0.8,9.62,1.69,Standing
6,58964442302000,-0.72,9.66,1.76,Standing
6,58964492290000,-0.69,9.7,1.8,Standing
6,58964542278000,-0.69,9.66,1.84,Standing
6,58964592296000,-0.72,9.72,1.84,Standing
6,58964642314000,-0.69,9.66,1.84,Standing
6,58964692302000,-0.69,9.66,1.8,Standing
6,58964742259000,-0.72,9.7,1.8,Standing
6,58964792278000,-0.69,9.7,1.8,Standing
6,58964842296000,-0.65,9.62,1.69,Standing
6,58964892345000,-0.61,9.66,1.76,Standing
6,58964942272000,-0.57,9.7,1.76,Standing
6,58964992259000,-0.57,9.66,1.8,Standing
6,58965042308000,-0.53,9.66,1.88,Standing
6,58965092296000,-0.61,9.66,1.84,Standing
6,58965142284000,-0.65,9.7,1.84,Standing
6,58965192302000,-0.57,9.66,1.8,Standing
6,58965242259000,-0.5,9.66,1.88,Standing
6,58965292278000,-0.46,9.66,1.88,Standing
6,58965342296000,-0.5,9.62,1.95,Standing
6,58965392375000,-0.61,9.66,1.88,Standing
6,58965442302000,-0.65,9.7,1.84,Standing
6,58965492259000,-0.65,9.62,1.76,Standing
6,58965542308000,-0.53,9.72,1.8,Standing
6,58965592296000,-0.53,9.66,1.73,Standing
6,58965642314000,-0.57,9.58,1.76,Standing
6,58965692302000,-0.69,9.7,1.88,Standing
6,58965742259000,-0.65,9.66,1.88,Standing
6,58965792308000,-0.65,9.7,1.76,Standing
6,58965842266000,-0.69,9.7,1.8,Standing
6,58965892314000,-0.65,9.7,1.76,Standing
6,58965942638000,-0.57,9.66,1.76,Standing
6,58965992290000,-0.69,9.62,1.88,Standing
6,58966042308000,-0.72,9.7,1.92,Standing
6,58966092266000,-0.72,9.72,1.92,Standing
6,58966142284000,-0.65,9.7,1.92,Standing
6,58966192302000,-0.57,9.66,1.84,Standing
6,58966242259000,-0.42,9.7,1.84,Standing
6,58966292308000,-0.46,9.66,1.8,Standing
6,58966342296000,-0.57,9.58,1.73,Standing
6,58966392589000,-0.65,9.7,1.88,Standing
6,58966442272000,-0.65,9.66,1.8,Standing
6,58966492290000,-0.5,9.62,1.84,Standing
6,58966542308000,-0.42,9.72,1.95,Standing
6,58966592296000,-0.23,9.58,1.88,Standing
6,58966642314000,-0.34,9.62,1.95,Standing
6,58966692302000,-0.5,9.66,1.88,Standing
6,58966742290000,-0.72,9.72,1.92,Standing
6,58966792278000,-0.72,9.62,1.84,Standing
6,58966842266000,-0.53,9.62,1.8,Standing
6,58966892314000,-0.3,9.58,1.84,Standing
6,58966942272000,-0.34,9.81,1.88,Standing
6,58966992198000,-0.23,9.72,1.73,Standing
6,58967042278000,-0.04,9.34,1.46,Standing
6,58967092296000,0.04,9.58,1.5,Standing
6,58967142345000,0.0,9.81,1.73,Standing
6,58967192302000,-0.15,9.77,1.8,Standing
6,58967242290000,0.34,9.51,0.72,Standing
6,58967292308000,-0.69,9.96,0.84,Standing
6,58967342266000,-0.84,9.92,0.84,Standing
6,58967392314000,-2.18,10.42,1.18,Standing
6,58967442302000,-1.73,10.04,1.84,Standing
6,58967492290000,-2.03,9.85,0.34,Standing
6,58967542308000,-1.5,10.73,0.46,Standing
6,58967592296000,0.27,9.89,-0.23,Standing
6,58967642314000,0.34,9.7,0.0,Standing
6,58967692302000,0.08,9.89,0.08,Standing
6,58967742259000,0.08,9.89,-0.38,Standing
6,58967792278000,0.46,10.04,-0.38,Standing
6,58967842296000,0.69,10.0,-0.04,Standing
6,58967892314000,0.19,9.92,-0.91,Standing
6,58967942302000,-0.38,9.96,-0.3,Standing
6,58967992259000,-0.38,10.15,-0.15,Standing
6,58968042308000,0.0,10.0,-0.57,Standing
6,58968092296000,0.57,9.92,-1.38,Standing
6,58968142284000,-0.04,9.92,-0.65,Standing
6,58968192302000,0.53,9.85,-0.8,Standing
6,58968242290000,-0.04,9.51,-1.14,Standing
6,58968292339000,-1.12,9.81,-0.61,Standing
6,58968342266000,-1.33,9.81,-1.08,Standing
6,58968392314000,-1.92,10.15,-0.5,Standing
6,58968442302000,-3.21,10.73,0.61,Standing
6,58968492290000,-3.76,10.46,0.95,Standing
6,58968542308000,-2.14,9.47,-0.99,Standing
6,58968592296000,-3.17,9.28,-0.46,Standing
6,58968642314000,-2.49,9.43,-0.65,Standing
6,58968692302000,-2.22,9.7,-0.42,Standing
6,58968742259000,-2.26,9.7,-0.27,Standing
6,58968792308000,-2.34,9.66,-0.08,Standing
6,58968842296000,-2.56,9.58,-0.46,Standing
6,58968892314000,-3.3,9.62,-0.38,Standing
6,58968942302000,-2.64,9.08,-0.19,Standing
6,58968992290000,-2.75,9.58,0.95,Standing
6,58969042308000,-2.64,9.81,1.04,Standing
6,58969092296000,-2.07,9.96,0.8,Standing
6,58969142314000,-2.11,10.04,0.99,Standing
6,58969192272000,-0.04,10.04,0.53,Standing
13,855462261000,-4.86,8.62,0.31,Standing
13,855512279000,-4.9,8.58,0.31,Standing
13,855562267000,-4.82,8.58,0.42,Standing
13,855612285000,-4.82,8.54,0.42,Standing
13,855662273000,-4.82,8.66,0.53,Standing
13,855712322000,-4.86,8.58,0.5,Standing
13,855762310000,-4.9,8.62,0.38,Standing
13,855762310000,-4.9,8.62,0.38,Standing
13,855862285000,-4.99,8.5,0.23,Standing
13,855912273000,-4.99,8.47,0.19,Standing
13,855962291000,-4.82,8.58,0.42,Standing
13,856012279000,-4.71,8.66,0.65,Standing
13,856062328000,-4.63,8.62,0.69,Standing
13,856112316000,-4.59,8.66,0.76,Standing
13,856162273000,-4.63,8.66,0.84,Standing
13,856212291000,-4.67,8.69,0.95,Standing
13,856262310000,-4.82,8.39,0.65,Standing
13,856312297000,-4.99,8.62,0.76,Standing
13,856362377000,-4.71,8.58,0.93,Standing
13,856412303000,-4.59,8.5,0.8,Standing
13,856462200000,-4.99,8.12,0.89,Standing
13,856512340000,-5.6,8.31,1.46,Standing
13,856562297000,-4.52,8.77,1.8,Standing
13,856612316000,-4.63,8.69,0.99,Standing
13,856662273000,-5.13,8.69,0.65,Standing
13,856712261000,-3.98,9.11,0.65,Standing
13,856762310000,-5.01,8.66,0.38,Standing
13,856812297000,-4.94,8.28,0.04,Standing
13,856862346000,-4.9,8.69,-0.11,Standing
13,856912303000,-5.41,8.47,0.27,Standing
13,856962291000,-5.43,8.35,0.19,Standing
13,857012248000,-5.09,8.47,-0.08,Standing
13,857062297000,-5.33,8.28,0.76,Standing
13,857112316000,-4.56,8.92,1.42,Standing
13,857162303000,-5.48,8.12,0.99,Standing
13,857212261000,-5.09,8.28,1.23,Standing
13,857262310000,-4.9,8.31,1.31,Standing
13,857312297000,-4.99,8.24,1.5,Standing
13,857362285000,-5.24,8.2,1.5,Standing
13,857412303000,-5.18,8.35,1.73,Standing
13,857462291000,-5.2,8.28,1.33,Standing
13,857512310000,-5.33,8.24,1.23,Standing
13,857562297000,-5.18,8.16,1.18,Standing
13,857612316000,-5.43,8.12,1.04,Standing
13,857662303000,-4.9,8.47,1.14,Standing
13,857662303000,-4.9,8.47,1.14,Standing
13,857732280000,-5.09,8.28,1.14,Standing
13,857782268000,-5.37,8.2,0.84,Standing
13,857832317000,-5.28,8.39,0.72,Standing
13,857882244000,-5.48,8.24,0.72,Standing
13,857932262000,-5.43,8.24,0.53,Standing
13,857992259000,-5.05,8.35,0.84,Standing
13,858042339000,-4.9,8.5,0.76,Standing
13,858092266000,-4.82,8.81,0.89,Standing
13,858142345000,-4.71,8.85,0.42,Standing
13,858192272000,-5.13,8.5,0.42,Standing
13,858242290000,-4.82,8.35,0.11,Standing
13,858292278000,-5.33,8.12,0.11,Standing
13,858342266000,-4.71,8.58,0.04,Standing
13,858392284000,-5.37,8.24,0.08,Standing
13,858442302000,-4.75,8.85,0.38,Standing
13,858492259000,-6.13,7.97,0.61,Standing
13,858542308000,-3.72,8.96,0.19,Standing
13,858592296000,-4.9,8.28,0.08,Standing
13,858642284000,-4.9,8.58,0.38,Standing
13,858692302000,-5.41,8.47,0.23,Standing
13,858742290000,-5.48,8.24,0.19,Standing
13,858792308000,-4.71,8.69,-0.11,Standing
13,858842266000,-3.34,9.3,0.27,Standing
13,858892314000,-5.43,8.5,-0.11,Standing
13,858942363000,-6.66,8.39,0.19,Standing
13,858992321000,-7.74,8.5,1.08,Standing
13,859042308000,-5.71,7.89,0.61,Standing
13,859092266000,-4.63,7.31,1.18,Standing
13,859142314000,-4.29,7.06,1.57,Standing
13,859192333000,-4.82,6.93,1.12,Standing
13,859242290000,-6.17,6.66,1.08,Standing
13,859292308000,-3.98,8.89,-0.27,Standing
13,859342266000,-5.94,9.11,0.72,Standing
13,859392314000,-5.37,9.0,0.8,Standing
13,859442302000,-6.24,7.21,0.93,Standing
13,859492321000,-5.56,8.96,-0.19,Standing
13,859542308000,-4.52,9.11,0.19,Standing
13,859592327000,-4.86,8.05,-1.33,Standing
13,859642314000,-5.9,8.2,-0.23,Standing
13,859692302000,-4.4,8.73,-0.65,Standing
13,859742321000,-4.44,8.35,-0.53,Standing
13,859792278000,-4.75,8.35,-0.84,Standing
13,859842266000,-4.56,8.62,-0.61,Standing
13,859892314000,-4.79,8.54,-0.46,Standing
13,859942272000,-4.67,8.47,-0.84,Standing
13,859992900000,-4.67,8.62,-0.42,Standing
13,860042278000,-4.67,8.58,-0.15,Standing
13,860092296000,-4.59,8.92,0.04,Standing
13,860142314000,-4.75,8.66,-0.27,Standing
13,860192302000,-4.67,8.31,-0.76,Standing
13,860252635000,-4.71,8.66,0.04,Standing
13,860312297000,-4.48,8.69,-0.53,Standing
13,860362316000,-4.86,8.47,-0.57,Standing
13,860412303000,-4.71,8.43,-0.42,Standing
13,860462291000,-4.75,8.54,-0.34,Standing
13,860512340000,-4.18,8.89,0.04,Standing
13,860562297000,-3.98,8.85,-0.04,Standing
13,860612224000,-4.18,8.89,0.0,Standing
13,860662334000,-4.33,8.81,-0.19,Standing
13,860712291000,-4.52,7.63,-0.19,Standing
13,860762310000,-6.24,9.23,-0.08,Standing
13,860812297000,-4.25,8.47,-0.23,Standing
13,860862316000,-4.9,8.43,0.27,Standing
13,860912273000,-4.9,8.5,0.19,Standing
13,860962291000,-4.86,8.54,0.23,Standing
13,861012279000,-4.86,8.66,0.11,Standing
13,861062267000,-4.86,8.47,-0.08,Standing
13,861112285000,-4.94,8.47,0.0,Standing
13,861162273000,-4.94,8.54,-0.15,Standing
13,861212261000,-4.9,8.47,-0.15,Standing
13,861262187000,-4.9,8.47,-0.11,Standing
13,861312297000,-4.82,8.39,-0.04,Standing
13,861362316000,-4.94,8.47,-0.11,Standing
13,861412273000,-4.75,8.54,-0.11,Standing
13,861462291000,-4.94,8.58,0.11,Standing
13,861512310000,-4.75,8.62,0.23,Standing
13,861562328000,-4.75,8.54,-0.04,Standing
13,861612316000,-4.82,8.47,-0.11,Standing
13,861662273000,-4.99,8.47,-0.15,Standing
13,861662273000,-4.99,8.47,-0.15,Standing
13,861762310000,-4.86,8.58,-0.11,Standing
13,861812297000,-4.9,8.47,-0.08,Standing
13,861862316000,-4.9,8.5,-0.15,Standing
13,861912273000,-4.9,8.47,-0.11,Standing
13,861962291000,-4.82,8.54,-0.08,Standing
13,862012218000,-4.82,8.54,-0.04,Standing
13,862062267000,-4.79,8.5,-0.04,Standing
13,862112316000,-4.75,8.62,0.04,Standing
13,862162273000,-4.75,8.66,0.08,Standing
13,862212291000,-4.67,8.62,0.0,Standing
13,862262310000,-4.79,8.58,-0.08,Standing
13,862312297000,-4.79,8.5,-0.11,Standing
13,862362316000,-4.82,8.54,-0.11,Standing
13,862412273000,-4.82,8.54,-0.08,Standing
13,862462261000,-4.82,8.54,-0.11,Standing
13,862512310000,-4.86,8.5,-0.08,Standing
13,862562297000,-4.82,8.5,-0.11,Standing
13,862612285000,-4.63,8.58,-0.11,Standing
13,862662303000,-4.67,8.62,-0.04,Standing
13,862712291000,-4.59,8.73,0.11,Standing
13,862712291000,-4.59,8.73,0.11,Standing
13,862773113000,-4.71,8.66,0.04,Standing
13,862822704000,-4.59,8.69,0.0,Standing
13,862873241000,-4.67,8.58,-0.08,Standing
13,862932262000,-4.79,8.39,-0.11,Standing
13,862982311000,-5.01,8.58,0.15,Standing
13,863032268000,-5.05,8.47,-0.04,Standing
13,863092296000,-5.18,8.24,-0.19,Standing
13,863142314000,-5.33,8.08,-0.04,Standing
13,863192302000,-5.24,8.31,0.04,Standing
13,863242259000,-5.24,8.35,0.08,Standing
13,863292308000,-5.2,8.31,-0.08,Standing
13,863342266000,-5.13,8.08,-0.19,Standing
13,863392284000,-4.9,8.47,-0.15,Standing
13,863442302000,-5.24,8.16,-0.27,Standing
13,863492290000,-5.6,8.12,-0.3,Standing
13,863542308000,-5.9,7.89,-0.53,Standing
13,863592266000,-5.28,8.05,-0.11,Standing
13,863642314000,-4.71,8.58,0.11,Standing
13,863692272000,-4.52,8.69,0.27,Standing
13,863742259000,-4.25,8.85,0.15,Standing
13,863792308000,-4.21,9.04,-0.11,Standing
13,863842266000,-5.2,8.77,-0.65,Standing
13,863892284000,-5.43,7.82,-0.89,Standing
13,863942333000,-5.18,7.4,-0.72,Standing
13,863992259000,-5.98,8.16,0.5,Standing
13,864042308000,-5.33,8.85,0.08,Standing
13,864092296000,-5.24,8.54,0.0,Standing
13,864142284000,-4.75,8.12,0.19,Standing
13,864192302000,-4.86,8.16,-0.23,Standing
13,864242259000,-5.82,8.16,0.5,Standing
13,864292308000,-5.6,8.39,0.19,Standing
13,864342266000,-5.79,8.54,0.15,Standing
13,864392284000,-5.43,8.85,0.89,Standing
13,864442302000,-5.18,8.39,0.46,Standing
13,864492259000,-6.82,7.63,0.38,Standing
13,864542308000,-4.82,6.55,0.5,Standing
13,864592296000,-4.29,7.44,0.11,Standing
13,864642314000,-4.75,7.89,0.8,Standing
13,864692272000,-5.05,8.92,-0.23,Standing
13,864742290000,-6.4,9.81,1.38,Standing
13,864792308000,-5.2,7.63,0.93,Standing
13,864842266000,-5.56,7.97,0.46,Standing
13,864892284000,-5.37,8.62,0.93,Standing
13,864942302000,-5.41,8.01,-0.27,Standing
13,864992259000,-5.2,8.12,0.42,Standing
13,865042339000,-4.82,8.54,0.34,Standing
13,865092601000,-4.56,8.73,0.27,Standing
13,865142284000,-4.48,8.73,0.15,Standing
13,865192302000,-4.52,8.62,0.04,Standing
13,865242351000,-4.63,8.66,-0.11,Standing
13,865292308000,-5.01,8.39,-0.42,Standing
13,865342235000,-5.37,8.39,-0.3,Standing
13,865392284000,-4.9,8.58,-0.19,Standing
13,865442272000,-4.63,8.73,-0.08,Standing
13,865492259000,-4.14,8.89,0.0,Standing
13,865542308000,-4.02,9.11,0.11,Standing
13,865602306000,-4.06,9.0,0.38,Standing
13,865652263000,-3.87,9.04,0.38,Standing
13,865702342000,-4.06,9.11,0.46,Standing
13,865752330000,-4.29,8.92,0.53,Standing
13,865802379000,-3.57,9.08,-0.19,Standing
13,865852336000,-4.02,9.04,0.0,Standing
13,865902324000,-4.56,9.0,0.46,Standing
13,865952342000,-4.52,8.69,-0.27,Standing
13,866002605000,-4.82,8.54,-0.69,Standing
13,866052349000,-4.4,8.69,-1.31,Standing
13,866102336000,-4.29,8.62,-0.27,Standing
13,866152324000,-4.44,8.89,-0.08,Standing
13,866202342000,-4.56,8.85,-0.11,Standing
13,866252330000,-4.52,8.54,-0.42,Standing
13,866302349000,-4.37,8.77,-0.27,Standing
13,866352794000,-4.67,8.77,-0.3,Standing
13,866402324000,-4.79,8.54,-0.42,Standing
13,866452342000,-5.09,8.31,-0.34,Standing
13,866502330000,-5.05,8.39,-0.46,Standing
13,866552349000,-5.56,8.43,-0.19,Standing
13,866602336000,-5.71,8.28,-0.23,Standing
13,866652324000,-5.48,8.01,-0.19,Standing
13,866702312000,-5.09,8.12,-0.19,Standing
13,866752361000,-5.52,8.5,0.15,Standing
13,866802349000,-5.01,8.66,0.31,Standing
13,866852336000,-4.44,8.35,0.99,Standing
13,866902324000,-3.79,8.28,0.76,Standing
13,866952342000,-4.29,7.89,0.11,Standing
13,867002361000,-5.18,8.12,-0.11,Standing
13,867052349000,-6.43,9.11,0.72,Standing
13,867102336000,-4.25,8.39,0.76,Standing
13,867152324000,-4.48,8.58,-0.65,Standing
13,867202342000,-4.86,8.73,0.15,Standing
13,867252330000,-5.05,8.81,-0.46,Standing
13,867302349000,-5.28,8.28,-0.53,Standing
13,867352336000,-4.71,8.39,-0.72,Standing
13,867402324000,-4.79,8.5,-0.61,Standing
13,867452373000,-4.75,8.54,-0.23,Standing
13,867502330000,-4.44,8.81,-0.3,Standing
13,867552349000,-4.59,8.69,-0.42,Standing
13,867552349000,-4.59,8.69,-0.42,Standing
13,867652324000,-4.52,8.66,-0.61,Standing
13,867702342000,-4.44,8.69,-0.72,Standing
13,867752330000,-4.4,8.69,-0.65,Standing
13,867802349000,-4.37,8.73,-0.42,Standing
13,867852336000,-4.29,8.89,-0.27,Standing
13,867902324000,-4.37,8.77,-0.5,Standing
13,867952342000,-4.48,8.66,-0.57,Standing
13,868002574000,-4.56,8.66,-0.42,Standing
13,868052349000,-4.44,8.69,-0.23,Standing
13,868102306000,-4.44,8.62,-0.46,Standing
13,868152324000,-4.63,8.62,-0.5,Standing
13,868202342000,-4.48,8.69,-0.42,Standing
13,868252330000,-4.33,8.81,-0.27,Standing
13,868302349000,-4.44,8.73,-0.34,Standing
13,868362285000,-4.44,8.73,-0.34,Standing
13,868412242000,-4.52,8.73,-0.38,Standing
13,868462322000,-4.4,8.69,-0.42,Standing
13,868512248000,-4.37,8.73,-0.34,Standing
13,868562267000,-4.4,8.73,-0.34,Standing
13,868612285000,-4.44,8.73,-0.34,Standing
13,868662273000,-4.4,8.81,-0.34,Standing
13,868712291000,-4.37,8.77,-0.42,Standing
13,868762310000,-4.4,8.69,-0.38,Standing
13,868812267000,-4.44,8.69,-0.42,Standing
13,868862316000,-4.52,8.73,-0.42,Standing
13,868912303000,-4.56,8.73,-0.34,Standing
13,868962291000,-4.44,8.69,-0.38,Standing
13,869012279000,-4.56,8.66,-0.38,Standing
13,869062267000,-4.52,8.66,-0.42,Standing
13,869112316000,-4.48,8.73,-0.38,Standing
13,869162273000,-4.48,8.69,-0.38,Standing
13,869212261000,-4.52,8.66,-0.38,Standing
13,869262279000,-4.48,8.66,-0.42,Standing
13,869312267000,-4.48,8.69,-0.34,Standing
13,869362316000,-4.52,8.69,-0.38,Standing
13,869412273000,-4.48,8.69,-0.42,Standing
13,869462291000,-4.52,8.66,-0.46,Standing
13,869512279000,-4.48,8.66,-0.42,Standing
13,869562297000,-4.44,8.69,-0.46,Standing
13,869612285000,-4.44,8.77,-0.42,Standing
13,869662273000,-4.59,8.62,-0.42,Standing
13,869712291000,-4.82,8.43,-0.53,Standing
13,869762279000,-4.86,8.43,-0.53,Standing
13,869812328000,-4.4,8.69,-0.46,Standing
13,869862316000,-3.87,9.04,-0.42,Standing
13,869912303000,-4.33,8.66,-0.46,Standing
13,869962261000,-4.79,8.5,-0.46,Standing
13,870012828000,-4.9,8.54,-0.5,Standing
13,870062297000,-4.52,8.62,-0.46,Standing
13,870112285000,-4.44,8.62,-0.5,Standing
13,870162303000,-4.18,8.85,-0.46,Standing
13,870212291000,-4.4,8.66,-0.38,Standing
13,870262340000,-4.52,8.66,-0.42,Standing
13,870312328000,-4.94,8.47,-0.57,Standing
13,870362316000,-4.99,8.43,-0.65,Standing
13,870412273000,-4.79,8.43,-0.5,Standing
13,870462291000,-4.4,8.66,-0.46,Standing
13,870512310000,-4.29,8.77,-0.38,Standing
13,870562297000,-4.59,8.62,-0.42,Standing
13,870612316000,-4.71,8.54,-0.3,Standing
13,870662303000,-4.48,8.66,-0.34,Standing
13,870712261000,-4.37,8.73,-0.34,Standing
13,870762310000,-4.44,8.69,-0.42,Standing
13,870812297000,-4.52,8.62,-0.5,Standing
13,870862316000,-4.63,8.62,-0.53,Standing
13,870912334000,-4.71,8.54,-0.61,Standing
13,870962291000,-4.63,8.62,-0.42,Standing
13,871012218000,-4.56,8.66,-0.34,Standing
13,871062297000,-4.59,8.58,-0.38,Standing
13,871112285000,-4.59,8.62,-0.42,Standing
13,871162273000,-4.59,8.62,-0.46,Standing
13,871212261000,-4.67,8.62,-0.53,Standing
13,871262310000,-4.71,8.58,-0.65,Standing
13,871312328000,-4.67,8.5,-0.61,Standing
13,871362316000,-4.67,8.58,-0.38,Standing
13,871412303000,-4.59,8.69,-0.3,Standing
13,871462291000,-4.56,8.73,-0.34,Standing
13,871512279000,-4.56,8.58,-0.42,Standing
13,871562267000,-4.59,8.58,-0.34,Standing
13,871562267000,-4.59,8.58,-0.34,Standing
13,871664379000,-4.56,8.69,-0.34,Standing
13,871664379000,-4.56,8.69,-0.34,Standing
13,871722820000,-4.71,8.5,-0.34,Standing
13,871773418000,-4.67,8.5,-0.42,Standing
13,871832256000,-4.67,8.58,-0.3,Standing
13,871892314000,-4.59,8.62,-0.27,Standing
13,871942272000,-4.63,8.62,-0.34,Standing
13,871992259000,-4.79,8.54,-0.53,Standing
13,872042278000,-4.63,8.47,-0.53,Standing
13,872092266000,-4.63,8.62,-0.38,Standing
13,872142314000,-4.71,8.66,-0.3,Standing
13,872192272000,-4.63,8.54,-0.38,Standing
13,872242259000,-4.71,8.54,-0.46,Standing
13,872292308000,-4.67,8.58,-0.38,Standing
13,872342205000,-4.67,8.62,-0.38,Standing
13,872392284000,-4.59,8.62,-0.34,Standing
13,872442272000,-4.63,8.58,-0.38,Standing
13,872492259000,-4.63,8.66,-0.3,Standing
13,872542308000,-4.71,8.54,-0.42,Standing
13,872592296000,-4.79,8.5,-0.38,Standing
13,872642314000,-4.67,8.58,-0.34,Standing
13,872692302000,-4.56,8.69,-0.23,Standing
13,872742259000,-4.67,8.69,-0.3,Standing
13,872792278000,-4.67,8.54,-0.46,Standing
13,872842266000,-4.63,8.5,-0.38,Standing
13,872892314000,-4.75,8.54,-0.27,Standing
13,872942302000,-4.56,8.58,-0.19,Standing
13,872992229000,-4.75,8.66,-0.19,Standing
13,873042308000,-4.79,8.62,-0.23,Standing
13,873092296000,-4.59,8.47,-0.34,Standing
13,873142314000,-4.63,8.54,-0.23,Standing
13,873192302000,-4.67,8.73,-0.11,Standing
13,873242290000,-4.82,8.81,-0.08,Standing
13,873292308000,-4.75,8.5,-0.34,Standing
13,873342327000,-4.59,8.43,-0.42,Standing
13,873392284000,-4.63,8.47,-0.38,Standing
13,873442302000,-4.79,8.66,-0.11,Standing
13,873492259000,-4.82,8.85,0.0,Standing
13,873542308000,-4.56,8.69,-0.15,Standing
13,873592266000,-4.63,8.47,-0.34,Standing
13,873642314000,-4.82,8.39,-0.23,Standing
13,873692272000,-4.82,8.58,-0.08,Standing
13,873742259000,-4.75,8.85,-0.08,Standing
13,873792308000,-4.67,8.58,-0.19,Standing
13,873842266000,-4.59,8.5,-0.3,Standing
13,873892314000,-4.71,8.5,-0.23,Standing
13,873942302000,-4.79,8.62,-0.08,Standing
13,873992290000,-4.75,8.77,0.04,Standing
13,874042339000,-4.67,8.73,-0.11,Standing
13,874092266000,-4.71,8.47,-0.34,Standing
13,874142253000,-4.71,8.39,-0.34,Standing
13,874192302000,-4.75,8.5,-0.27,Standing
13,874242321000,-4.67,8.73,-0.08,Standing
13,874292339000,-4.67,8.89,0.0,Standing
13,874342296000,-4.63,8.58,-0.34,Standing
13,874392314000,-4.86,8.35,-0.53,Standing
13,874442302000,-4.82,8.31,-0.5,Standing
13,874492290000,-4.79,8.54,-0.3,Standing
13,874542308000,-4.63,8.77,-0.19,Standing
13,874592296000,-4.59,8.81,-0.11,Standing
13,874642284000,-4.56,8.58,-0.42,Standing
13,874692302000,-4.75,8.43,-0.57,Standing
13,874742290000,-4.71,8.47,-0.46,Standing
13,874792308000,-4.59,8.69,-0.19,Standing
13,874842266000,-4.67,8.77,-0.15,Standing
13,874892284000,-4.59,8.66,-0.15,Standing
13,874942302000,-4.75,8.58,-0.42,Standing
13,874992259000,-4.75,8.47,-0.5,Standing
13,874992259000,-4.75,8.47,-0.5,Standing
13,875092266000,-4.67,8.58,-0.27,Standing
13,875142284000,-4.59,8.73,-0.27,Standing
13,875192272000,-4.67,8.62,-0.27,Standing
13,875247997000,-4.75,8.54,-0.34,Standing
13,875302288000,-4.67,8.54,-0.46,Standing
13,875352306000,-4.75,8.58,-0.38,Standing
13,875402263000,-4.56,8.66,-0.42,Standing
13,875452281000,-4.59,8.62,-0.38,Standing
13,875502239000,-4.56,8.62,-0.38,Standing
13,875552257000,-4.67,8.62,-0.38,Standing
13,875602245000,-4.63,8.62,-0.38,Standing
13,875652294000,-4.59,8.58,-0.34,Standing
13,875702281000,-4.67,8.58,-0.34,Standing
13,875752269000,-4.71,8.58,-0.34,Standing
13,875802318000,-4.75,8.62,-0.38,Standing
13,875852306000,-4.71,8.54,-0.42,Standing
13,875852306000,-4.71,8.54,-0.42,Standing
13,875952281000,-4.71,8.5,-0.46,Standing
13,876002696000,-4.75,8.5,-0.38,Standing
13,876002696000,-4.75,8.5,-0.38,Standing
13,876002696000,-4.71,8.58,-0.34,Standing
13,876132244000,-4.71,8.58,-0.34,Standing
13,876182262000,-4.71,8.58,-0.38,Standing
13,876232372000,-4.75,8.54,-0.38,Standing
13,876232372000,-4.75,8.54,-0.38,Standing
13,876332256000,-4.79,8.54,-0.38,Standing
13,876382274000,-4.75,8.54,-0.46,Standing
13,876442302000,-4.71,8.5,-0.42,Standing
13,876492290000,-4.79,8.54,-0.38,Standing
13,876542278000,-4.79,8.5,-0.34,Standing
13,876592235000,-4.82,8.5,-0.34,Standing
13,876642253000,-4.86,8.5,-0.34,Standing
13,876692241000,-4.79,8.5,-0.34,Standing
13,876742259000,-4.75,8.54,-0.34,Standing
13,876792308000,-4.82,8.5,-0.5,Standing
13,876842235000,-4.9,8.5,-0.5,Standing
13,876892284000,-4.79,8.47,-0.5,Standing
13,876942272000,-4.82,8.47,-0.38,Standing
13,876992259000,-4.71,8.54,-0.38,Standing
13,877042308000,-4.75,8.58,-0.27,Standing
13,877092266000,-4.75,8.5,-0.34,Standing
13,877142314000,-4.59,8.47,-0.38,Standing
13,877192302000,-4.59,8.66,-0.34,Standing
13,877242259000,-4.67,8.66,-0.3,Standing
13,877292278000,-4.59,8.58,-0.3,Standing
13,877342266000,-4.56,8.66,-0.46,Standing
13,877392284000,-4.75,8.62,-0.46,Standing
13,877442272000,-4.71,8.5,-0.46,Standing
13,877492259000,-4.75,8.5,-0.38,Standing
13,877542308000,-4.71,8.54,-0.34,Standing
13,877592235000,-4.71,8.54,-0.3,Standing
13,877642314000,-4.79,8.47,-0.5,Standing
13,877692272000,-4.82,8.47,-0.57,Standing
13,877742259000,-4.82,8.5,-0.5,Standing
13,877792308000,-4.79,8.54,-0.57,Standing
13,877842327000,-4.79,8.47,-0.5,Standing
13,877892284000,-4.79,8.5,-0.46,Standing
13,877942241000,-4.79,8.5,-0.5,Standing
13,877992229000,-4.82,8.5,-0.61,Standing
13,878042308000,-4.9,8.39,-0.61,Standing
13,878092266000,-4.94,8.43,-0.53,Standing
13,878142314000,-4.99,8.39,-0.57,Standing
13,878192302000,-4.75,8.5,-0.5,Standing
13,878242290000,-4.63,8.62,-0.42,Standing
13,878292308000,-4.71,8.66,-0.46,Standing
13,878342235000,-5.09,8.77,-0.46,Standing
13,878392284000,-4.75,8.39,-0.42,Standing
13,878442302000,-4.9,8.05,-0.72,Standing
13,878492259000,-4.9,8.31,-0.53,Standing
13,878542308000,-4.67,8.58,-0.04,Standing
13,878592266000,-4.63,8.73,-0.04,Standing
13,878642314000,-4.44,8.89,-0.15,Standing
13,878692272000,-4.4,8.73,-0.27,Standing
13,878742290000,-4.82,8.5,-0.38,Standing
13,878792308000,-5.09,8.35,-0.3,Standing
13,878842266000,-4.79,8.5,-0.19,Standing
13,878892314000,-4.52,8.66,-0.08,Standing
13,878942302000,-4.75,8.47,-0.23,Standing
13,878992229000,-5.09,8.47,-0.27,Standing
13,879042308000,-5.13,8.5,-0.34,Standing
13,879092266000,-4.99,8.39,-0.34,Standing
13,879142314000,-4.94,8.47,-0.23,Standing
13,879192302000,-4.86,8.5,-0.19,Standing
13,879242290000,-4.71,8.54,-0.11,Standing
13,879292308000,-4.52,8.66,-0.04,Standing
13,879342418000,-2.87,10.34,1.99,Standing
13,879392314000,-6.24,8.16,-1.65,Standing
13,879442302000,-3.87,8.66,0.76,Standing
13,879492290000,-4.94,8.47,-1.04,Standing
13,879542308000,-5.48,8.43,0.31,Standing
13,879592296000,-4.79,8.39,-0.76,Standing
13,879642314000,-4.82,8.35,-0.15,Standing
13,879692272000,-4.94,8.54,-0.15,Standing
13,879742259000,-4.86,8.58,-0.15,Standing
13,879792308000,-4.67,8.47,-0.38,Standing
13,879842266000,-4.71,8.58,-0.38,Standing
13,879892314000,-4.75,8.54,-0.34,Standing
13,879942241000,-4.79,8.54,-0.34,Standing
13,879992229000,-4.71,8.54,-0.46,Standing
13,880042278000,-4.71,8.54,-0.5,Standing
13,880092296000,-4.82,8.5,-0.42,Standing
13,880142314000,-4.71,8.54,-0.46,Standing
13,880192272000,-4.75,8.54,-0.42,Standing
13,880243724000,-4.82,8.47,-0.5,Standing
13,880302288000,-4.79,8.47,-0.61,Standing
13,880352275000,-4.86,8.43,-0.53,Standing
13,880412303000,-4.86,8.5,-0.5,Standing
13,880462261000,-4.86,8.5,-0.53,Standing
13,880512279000,-4.9,8.43,-0.53,Standing
13,880562297000,-4.79,8.5,-0.5,Standing
13,880612285000,-4.79,8.54,-0.46,Standing
13,880662273000,-4.79,8.54,-0.5,Standing
13,880712291000,-4.75,8.5,-0.46,Standing
13,880712291000,-4.75,8.5,-0.46,Standing
13,880812297000,-4.71,8.54,-0.53,Standing
13,880862316000,-4.75,8.54,-0.42,Standing
13,880912273000,-4.71,8.54,-0.38,Standing
13,880962291000,-4.75,8.47,-0.42,Standing
13,881012218000,-4.79,8.5,-0.42,Standing
13,881062267000,-4.79,8.5,-0.38,Standing
13,881112285000,-4.79,8.5,-0.34,Standing
13,881112285000,-4.79,8.5,-0.34,Standing
13,881181530000,-4.82,8.47,-0.38,Standing
13,881232250000,-4.86,8.5,-0.38,Standing
13,881282238000,-4.82,8.5,-0.38,Standing
13,881332286000,-4.75,8.43,-0.42,Standing
13,881382274000,-4.79,8.54,-0.3,Standing
13,881442272000,-4.67,8.54,-0.27,Standing
13,881492290000,-4.71,8.58,-0.34,Standing
13,881542278000,-4.86,8.54,-0.34,Standing
13,881592296000,-4.79,8.43,-0.5,Standing
13,881642284000,-4.94,8.5,-0.23,Standing
13,881692302000,-5.2,8.43,-0.34,Standing
13,881742259000,-5.48,8.08,-0.46,Standing
13,881792278000,-5.41,8.08,-0.38,Standing
13,881842235000,-4.94,8.39,0.0,Standing
13,881892314000,-4.44,8.81,0.38,Standing
13,881942272000,-3.87,9.15,0.65,Standing
13,881992229000,-3.83,9.15,0.72,Standing
13,882042308000,-4.4,8.81,0.27,Standing
13,882092296000,-5.13,8.28,-0.19,Standing
13,882142314000,-5.48,8.05,-0.38,Standing
13,882192302000,-5.43,8.12,-0.34,Standing
13,882242259000,-5.09,8.43,-0.15,Standing
13,882292308000,-5.01,8.54,-0.08,Standing
13,882342235000,-5.05,8.54,-0.11,Standing
13,882392314000,-4.4,8.66,0.11,Standing
13,882442272000,-4.44,8.69,0.31,Standing
13,882492259000,-4.86,8.58,0.19,Standing
13,882542308000,-5.05,8.5,-0.04,Standing
13,882592266000,-5.01,8.39,-0.04,Standing
13,882642284000,-4.86,8.5,-0.3,Standing
13,882692272000,-4.86,8.43,-0.11,Standing
13,882742290000,-5.09,8.43,0.08,Standing
13,882792308000,-5.05,8.39,-0.04,Standing
13,882842235000,-5.09,8.43,-0.04,Standing
13,882892284000,-5.09,8.39,-0.04,Standing
13,882942272000,-5.09,8.35,0.04,Standing
13,882992259000,-5.09,8.43,0.11,Standing
13,883042308000,-5.05,8.47,0.08,Standing
13,883092296000,-5.09,8.39,-0.08,Standing
13,883142284000,-5.18,8.31,-0.08,Standing
13,883192272000,-5.2,8.35,-0.11,Standing
13,883242290000,-5.24,8.24,-0.19,Standing
13,883292308000,-5.2,8.31,-0.11,Standing
13,883342235000,-5.18,8.31,-0.04,Standing
13,883392314000,-5.01,8.47,0.15,Standing
13,883442302000,-4.99,8.5,0.23,Standing
13,883492259000,-4.94,8.47,0.27,Standing
13,883542308000,-4.99,8.43,0.23,Standing
13,883592266000,-5.43,8.24,-0.15,Standing
13,883642314000,-5.71,7.93,-0.23,Standing
13,883692272000,-5.33,8.28,-0.19,Standing
13,883742259000,-5.05,8.47,0.08,Standing
13,883792308000,-4.99,8.5,0.27,Standing
13,883842235000,-5.05,8.35,0.27,Standing
13,883912364000,-5.01,8.31,-0.11,Standing
13,883962230000,-5.18,8.39,-0.04,Standing
13,884012248000,-5.18,8.35,-0.08,Standing
13,884062236000,-5.18,8.47,-0.04,Standing
13,884112316000,-4.94,8.54,0.04,Standing
13,884162303000,-5.01,8.43,0.0,Standing
13,884212291000,-4.99,8.39,0.04,Standing
13,884262310000,-4.94,8.47,0.15,Standing
13,884312328000,-4.86,8.54,0.19,Standing
13,884362316000,-4.99,8.5,0.15,Standing
13,884412273000,-4.99,8.43,0.15,Standing
13,884462291000,-4.9,8.54,0.19,Standing
13,884512279000,-4.86,8.5,0.19,Standing
13,884562297000,-4.94,8.47,0.15,Standing
13,884612316000,-5.05,8.39,0.04,Standing
13,884662273000,-5.05,8.39,-0.04,Standing
13,884712291000,-5.09,8.47,0.11,Standing
13,884762279000,-4.99,8.47,0.08,Standing
13,884812267000,-5.01,8.47,0.0,Standing
13,884862316000,-5.09,8.39,0.0,Standing
13,884912273000,-5.09,8.43,-0.04,Standing
13,884962291000,-5.05,8.39,-0.08,Standing
13,885012279000,-4.99,8.39,-0.11,Standing
13,885062267000,-5.01,8.39,0.0,Standing
13,885112346000,-5.09,8.43,0.08,Standing
13,885162273000,-5.09,8.43,0.15,Standing
13,885212291000,-5.01,8.39,0.11,Standing
13,885262310000,-4.99,8.5,0.11,Standing
13,885312297000,-4.94,8.47,0.04,Standing
13,885362316000,-5.01,8.43,0.04,Standing
13,885412273000,-4.99,8.43,0.04,Standing
13,885462261000,-4.99,8.47,0.15,Standing
13,885512279000,-5.09,8.47,0.23,Standing
13,885562297000,-4.99,8.5,0.31,Standing
13,885612316000,-4.94,8.54,0.15,Standing
13,885662273000,-4.94,8.5,0.19,Standing
13,885712261000,-4.9,8.5,0.11,Standing
13,885762310000,-5.01,8.43,0.04,Standing
13,885812328000,-5.09,8.39,0.08,Standing
13,885862316000,-5.05,8.43,0.08,Standing
13,885912273000,-5.05,8.5,0.0,Standing
13,885962291000,-4.99,8.43,-0.04,Standing
13,886012248000,-4.99,8.43,-0.11,Standing
13,886062267000,-4.99,8.43,-0.08,Standing
13,886112346000,-5.01,8.39,-0.04,Standing
13,886162303000,-5.09,8.43,-0.08,Standing
13,886212291000,-5.05,8.39,-0.11,Standing
13,886262279000,-5.01,8.39,-0.08,Standing
13,886312297000,-5.05,8.43,-0.11,Standing
13,886362316000,-5.09,8.43,-0.04,Standing
13,886412303000,-4.86,8.5,0.08,Standing
13,886462291000,-4.94,8.47,0.15,Standing
13,886512310000,-4.9,8.54,0.08,Standing
13,886562297000,-4.79,8.5,-0.11,Standing
13,886612316000,-4.82,8.62,-0.15,Standing
13,886662273000,-4.82,8.54,-0.11,Standing
13,886712322000,-4.86,8.58,-0.08,Standing
13,886762279000,-4.9,8.66,-0.08,Standing
13,886812297000,-5.05,8.92,-0.42,Standing
13,886862316000,-5.01,7.7,-0.84,Standing
13,886912303000,-4.48,8.24,-0.04,Standing
13,886962291000,-4.82,8.85,0.38,Standing
13,887012218000,-4.79,8.77,0.61,Standing
13,887062297000,-4.82,8.54,-0.08,Standing
13,887112316000,-4.94,8.47,-0.3,Standing
13,887162303000,-5.09,8.39,-0.34,Standing
13,887212291000,-4.9,8.47,-0.27,Standing
13,887262310000,-4.94,8.43,-0.11,Standing
13,887312267000,-4.94,8.47,0.0,Standing
13,887362316000,-4.94,8.5,0.08,Standing
13,887412273000,-4.94,8.58,0.11,Standing
13,887462291000,-4.86,8.5,0.11,Standing
13,887512279000,-4.9,8.47,0.11,Standing
13,887562328000,-4.94,8.5,0.15,Standing
13,887612285000,-4.94,8.54,0.11,Standing
13,887662273000,-4.99,8.47,0.11,Standing
13,887662273000,-4.99,8.47,0.11,Standing
13,887762279000,-5.05,8.39,0.11,Standing
13,887812267000,-5.09,8.43,0.11,Standing
13,887862316000,-5.05,8.47,0.11,Standing
13,887862316000,-5.05,8.47,0.11,Standing
13,887962261000,-5.05,8.39,0.08,Standing
13,888012248000,-5.05,8.43,0.0,Standing
13,888062267000,-4.99,8.39,0.0,Standing
13,888112346000,-5.09,8.39,0.04,Standing
13,888162303000,-5.01,8.43,0.08,Standing
13,888212291000,-5.05,8.39,0.04,Standing
13,888262310000,-5.01,8.39,-0.04,Standing
13,888312297000,-5.05,8.43,0.0,Standing
13,888362377000,-5.09,8.39,-0.04,Standing
13,888412334000,-5.01,8.43,0.0,Standing
13,888462261000,-5.05,8.39,0.0,Standing
13,888512340000,-5.09,8.39,-0.04,Standing
13,888562267000,-5.05,8.39,-0.15,Standing
13,888612316000,-5.09,8.39,-0.15,Standing
13,888662364000,-5.33,9.11,0.42,Standing
13,888712291000,-4.67,8.43,0.08,Standing
13,888762310000,-4.63,8.08,-0.11,Standing
13,888812297000,-4.9,7.86,-0.69,Standing
13,888862346000,-6.24,8.47,0.72,Standing
13,888912303000,-4.33,8.28,0.31,Standing
13,888912303000,-4.33,8.28,0.31,Standing
13,888982311000,-4.48,7.78,-0.34,Standing
13,889032299000,-5.48,8.73,-0.04,Standing
13,889082286000,-6.02,9.28,1.27,Standing
13,889132274000,-4.59,8.35,-0.19,Standing
13,889192302000,-4.44,8.28,-0.04,Standing
13,889242290000,-5.09,8.58,-0.11,Standing
13,889292308000,-5.05,8.5,0.04,Standing
13,889342235000,-4.79,8.58,0.04,Standing
13,889392314000,-4.56,8.77,0.19,Standing
13,889442302000,-4.33,8.73,0.11,Standing
13,889492290000,-4.59,8.69,0.23,Standing
13,889542278000,-4.56,8.73,0.23,Standing
13,889592296000,-4.33,8.85,0.0,Standing
13,889642284000,-4.4,8.77,-0.15,Standing
13,889692302000,-4.63,8.66,-0.23,Standing
13,889742290000,-4.94,8.5,-0.19,Standing
13,889792278000,-4.79,8.5,-0.27,Standing
13,889842296000,-4.75,8.58,-0.23,Standing
13,889892284000,-4.63,8.69,-0.04,Standing
13,889942302000,-4.59,8.73,-0.08,Standing
13,889992259000,-4.63,8.58,-0.27,Standing
13,890042308000,-4.9,8.5,-0.19,Standing
13,890092296000,-4.71,8.66,-0.11,Standing
13,890142284000,-4.67,8.66,-0.08,Standing
13,890192302000,-4.56,8.69,-0.04,Standing
13,890242351000,-4.67,8.62,-0.08,Standing
13,890292308000,-4.59,8.73,-0.11,Standing
13,890342235000,-4.59,8.73,-0.19,Standing
13,890392314000,-4.56,8.54,-0.38,Standing
13,890442302000,-4.9,8.47,-0.53,Standing
13,890492290000,-5.2,8.31,-0.3,Standing
13,890542308000,-4.52,8.5,0.19,Standing
13,890592266000,-4.52,8.92,0.08,Standing
13,890642314000,-4.63,8.81,0.11,Standing
13,890692302000,-4.71,8.5,-0.08,Standing
13,890742290000,-4.67,8.43,-0.11,Standing
13,890792308000,-4.63,8.62,-0.15,Standing
13,890842296000,-4.9,8.58,0.0,Standing
13,890892284000,-4.82,8.66,0.0,Standing
13,890942302000,-4.75,8.54,-0.04,Standing
13,890992290000,-4.86,8.54,-0.08,Standing
13,891042278000,-4.71,8.54,-0.15,Standing
13,891092266000,-4.75,8.58,-0.15,Standing
13,891142284000,-4.75,8.66,-0.08,Standing
13,891192302000,-4.82,8.54,-0.27,Standing
13,891242259000,-4.86,8.43,-0.27,Standing
13,891292278000,-4.82,8.5,-0.27,Standing
13,891342296000,-4.79,8.58,-0.15,Standing
13,891392284000,-4.82,8.62,-0.15,Standing
13,891442302000,-4.71,8.58,-0.19,Standing
13,891492229000,-4.75,8.58,-0.19,Standing
13,891542308000,-4.79,8.5,-0.23,Standing
13,891592296000,-4.75,8.47,-0.11,Standing
13,891642314000,-4.9,8.5,-0.04,Standing
13,891692302000,-4.86,8.66,0.15,Standing
13,891762340000,-4.79,8.62,0.08,Standing
13,891812236000,-4.9,8.5,-0.04,Standing
13,891862377000,-4.86,8.43,0.0,Standing
13,891912242000,-4.82,8.5,0.0,Standing
13,891962261000,-4.79,8.58,0.0,Standing
13,892012248000,-4.82,8.54,0.08,Standing
13,892062267000,-4.86,8.54,0.04,Standing
13,892112285000,-4.9,8.54,0.0,Standing
13,892162731000,-4.86,8.54,0.0,Standing
13,892212261000,-4.82,8.54,-0.04,Standing
13,892262310000,-4.9,8.5,0.04,Standing
13,892312267000,-4.9,8.5,0.0,Standing
13,892362316000,-4.86,8.54,-0.04,Standing
13,892412273000,-4.9,8.5,-0.04,Standing
13,892462261000,-4.9,8.47,-0.08,Standing
13,892512279000,-4.86,8.54,-0.08,Standing
13,892562328000,-4.9,8.47,-0.08,Standing
13,892612285000,-4.9,8.5,-0.04,Standing
13,892662273000,-4.9,8.5,0.0,Standing
13,892712261000,-4.9,8.54,-0.08,Standing
13,892762310000,-4.94,8.47,-0.11,Standing
13,892812267000,-4.86,8.47,-0.15,Standing
13,892862316000,-4.9,8.5,-0.15,Standing
13,892912303000,-4.9,8.47,-0.08,Standing
13,892962261000,-4.9,8.5,-0.08,Standing
13,893012279000,-4.9,8.5,0.0,Standing
13,893062267000,-4.9,8.5,-0.04,Standing
13,893112285000,-4.9,8.43,-0.08,Standing
13,893162273000,-4.9,8.5,0.0,Standing
13,893212291000,-4.86,8.47,-0.08,Standing
13,893262279000,-4.9,8.5,-0.08,Standing
13,893312267000,-4.9,8.47,-0.08,Standing
13,893362285000,-4.9,8.5,-0.08,Standing
13,893412303000,-4.94,8.43,-0.04,Standing
13,893462291000,-5.01,8.5,0.04,Standing
13,893512310000,-4.99,8.54,-0.04,Standing
13,893562297000,-4.86,8.47,-0.15,Standing
13,893612285000,-4.71,8.47,-0.08,Standing
13,893662364000,-4.82,8.5,0.04,Standing
13,893712291000,-5.09,8.47,0.0,Standing
13,893762279000,-5.09,8.47,-0.11,Standing
13,893812267000,-4.75,8.47,-0.3,Standing
13,893862316000,-4.71,8.43,-0.27,Standing
13,893912303000,-4.9,8.54,-0.08,Standing
13,893912303000,-4.9,8.54,-0.08,Standing
13,894012218000,-4.86,8.62,-0.08,Standing
13,894062297000,-4.82,8.47,-0.23,Standing
13,894112285000,-4.82,8.43,-0.27,Standing
13,894162273000,-4.99,8.43,-0.19,Standing
13,894212291000,-4.94,8.5,-0.23,Standing
13,894262310000,-4.67,8.54,-0.34,Standing
13,894312297000,-4.79,8.43,-0.38,Standing
13,894362316000,-5.05,8.54,-0.3,Standing
13,894412273000,-4.99,8.47,-0.3,Standing
13,894462291000,-4.94,8.39,-0.27,Standing
13,894512310000,-4.82,8.39,-0.15,Standing
13,894562297000,-4.86,8.5,-0.08,Standing
13,894612712000,-4.99,8.47,-0.08,Standing
13,894662303000,-5.01,8.43,-0.15,Standing
13,894712291000,-4.9,8.43,-0.23,Standing
13,894762279000,-4.94,8.39,-0.23,Standing
13,894812297000,-5.01,8.35,-0.23,Standing
13,894862346000,-4.82,8.39,-0.19,Standing
13,894912303000,-4.9,8.47,-0.11,Standing
13,894962261000,-4.9,8.58,0.0,Standing
13,895012218000,-4.94,8.43,-0.15,Standing
13,895062267000,-4.94,8.39,-0.38,Standing
13,895112285000,-4.99,8.39,-0.34,Standing
13,895162303000,-4.94,8.5,-0.15,Standing
13,895212261000,-4.82,8.54,-0.15,Standing
13,895262310000,-4.86,8.47,-0.15,Standing
13,895312297000,-4.94,8.35,-0.23,Standing
13,895362316000,-4.86,8.39,-0.27,Standing
13,895412273000,-4.86,8.54,-0.04,Standing
13,895462322000,-4.9,8.58,0.04,Standing
13,895512279000,-4.9,8.47,-0.11,Standing
13,895562267000,-4.86,8.47,-0.15,Standing
13,895612285000,-4.9,8.5,-0.15,Standing
13,895662273000,-4.9,8.47,-0.19,Standing
13,895712291000,-4.86,8.47,-0.27,Standing
13,895762310000,-4.9,8.43,-0.23,Standing
13,895762310000,-4.9,8.43,-0.23,Standing
13,895862316000,-4.94,8.5,-0.11,Standing
13,895912273000,-4.94,8.47,-0.15,Standing
13,895962291000,-4.9,8.43,-0.23,Standing
13,896012248000,-4.99,8.35,-0.27,Standing
13,896062297000,-4.9,8.43,-0.23,Standing
13,896112316000,-4.94,8.47,-0.15,Standing
13,896112316000,-4.94,8.47,-0.15,Standing
13,896212291000,-4.99,8.39,-0.23,Standing
13,896262310000,-4.94,8.43,-0.19,Standing
13,896312297000,-4.94,8.47,-0.3,Standing
13,896362285000,-4.94,8.47,-0.23,Standing
13,896412303000,-4.9,8.43,-0.15,Standing
13,896462261000,-4.9,8.47,-0.15,Standing
13,896512279000,-4.94,8.43,-0.15,Standing
13,896562297000,-4.94,8.39,-0.27,Standing
13,896612316000,-4.99,8.35,-0.38,Standing
13,896662303000,-5.05,8.31,-0.19,Standing
13,896712291000,-5.13,8.39,-0.23,Standing
13,896762310000,-4.86,8.08,-0.08,Standing
13,896762310000,-4.86,8.08,-0.08,Standing
13,896832286000,-5.52,8.54,0.15,Standing
13,896882305000,-5.05,8.12,-0.34,Standing
13,896932262000,-4.06,8.66,-0.23,Standing
13,896992259000,-4.75,8.73,-0.11,Standing
13,897042308000,-4.86,8.5,-0.19,Standing
13,897092296000,-4.99,8.31,-0.42,Standing
13,897142284000,-4.99,8.28,-0.69,Standing
13,897192272000,-4.94,8.35,-0.46,Standing
13,897242259000,-5.13,8.35,-0.23,Standing
13,897292278000,-5.05,8.39,-0.23,Standing
13,897342266000,-5.05,8.35,-0.19,Standing
13,897392284000,-5.05,8.43,-0.19,Standing
13,897442272000,-5.09,8.28,-0.3,Standing
13,897492229000,-5.18,8.28,-0.3,Standing
13,897542308000,-5.2,8.24,-0.27,Standing
13,897592296000,-5.24,8.2,-0.23,Standing
13,897642345000,-5.05,8.35,-0.04,Standing
13,897692302000,-4.94,8.43,-0.19,Standing
13,897742259000,-4.9,8.43,-0.23,Standing
13,897792308000,-4.99,8.39,-0.19,Standing
13,897842296000,-4.9,8.47,-0.11,Standing
13,897892314000,-4.86,8.5,0.0,Standing
13,897942302000,-4.82,8.62,-0.04,Standing
13,897992259000,-4.86,8.47,-0.19,Standing
13,898042308000,-4.9,8.39,-0.23,Standing
13,898092266000,-5.05,8.39,-0.15,Standing
13,898142284000,-5.05,8.47,0.08,Standing
13,898192302000,-5.01,8.43,0.0,Standing
13,898242259000,-4.99,8.5,0.0,Standing
13,898292278000,-4.99,8.39,-0.15,Standing
13,898342235000,-4.99,8.35,-0.15,Standing
13,898392284000,-5.01,8.35,-0.15,Standing
13,898442272000,-5.01,8.47,0.08,Standing
13,898492229000,-5.01,8.47,0.15,Standing
13,898492229000,-5.01,8.47,0.15,Standing
13,898592266000,-5.05,8.35,0.0,Standing
13,898642284000,-5.05,8.39,-0.08,Standing
13,898692241000,-5.05,8.35,-0.08,Standing
13,898742259000,-5.01,8.39,-0.11,Standing
13,898792278000,-5.01,8.43,-0.08,Standing
13,898842235000,-5.01,8.43,-0.11,Standing
13,898892284000,-5.05,8.35,-0.11,Standing
13,898942302000,-5.01,8.39,-0.08,Standing
13,898992259000,-5.01,8.35,-0.15,Standing
13,899042247000,-5.01,8.39,-0.15,Standing
13,899092235000,-5.01,8.35,-0.15,Standing
13,899142253000,-5.01,8.35,-0.23,Standing
13,899192302000,-5.09,8.31,-0.19,Standing
13,899242321000,-5.13,8.28,-0.15,Standing
13,899292278000,-5.13,8.31,-0.11,Standing
13,899342266000,-5.09,8.31,-0.08,Standing
13,899392314000,-5.13,8.28,-0.04,Standing
13,899442302000,-5.05,8.35,-0.11,Standing
13,899492259000,-5.05,8.28,-0.15,Standing
13,899542278000,-5.13,8.31,-0.08,Standing
13,899592296000,-5.01,8.39,-0.11,Standing
13,899662334000,-5.01,8.35,-0.11,Standing
13,899712261000,-5.05,8.35,-0.11,Standing
13,899712261000,-5.05,8.35,-0.11,Standing
13,899812236000,-5.09,8.35,-0.08,Standing
13,899862285000,-5.09,8.35,-0.15,Standing
13,899912273000,-5.01,8.35,-0.15,Standing
13,899962261000,-5.05,8.35,-0.15,Standing
13,900012218000,-5.05,8.39,-0.19,Standing
13,900062267000,-5.05,8.35,-0.23,Standing
13,900112285000,-5.01,8.35,-0.15,Standing
13,900162334000,-5.05,8.31,-0.19,Standing
13,900212261000,-5.05,8.35,-0.11,Standing
13,900212261000,-5.05,8.35,-0.11,Standing
13,900272655000,-5.05,8.39,-0.15,Standing
13,900323284000,-5.05,8.43,-0.15,Standing
13,900372936000,-5.05,8.39,-0.15,Standing
13,900432262000,-5.05,8.35,-0.11,Standing
13,900482280000,-5.01,8.39,-0.15,Standing
13,900542308000,-5.01,8.39,-0.19,Standing
13,900592266000,-5.09,8.39,-0.15,Standing
13,900642284000,-5.01,8.35,-0.11,Standing
13,900692272000,-5.05,8.35,-0.15,Standing
13,900742229000,-5.05,8.39,-0.15,Standing
13,900792247000,-5.05,8.39,-0.11,Standing
13,900842266000,-5.09,8.39,-0.08,Standing
13,900892284000,-5.13,8.31,-0.08,Standing
13,900942272000,-5.01,8.39,-0.11,Standing
13,900942272000,-5.01,8.39,-0.11,Standing
13,901042308000,-4.94,8.39,-0.23,Standing
13,901092266000,-5.09,8.31,-0.11,Standing
13,901142284000,-5.33,8.39,-0.19,Standing
13,901192302000,-5.09,8.08,-0.23,Standing
13,901242259000,-5.05,8.35,-0.19,Standing
13,901292278000,-5.05,8.43,-0.04,Standing
13,901342266000,-4.9,8.54,0.11,Standing
13,901392284000,-4.63,8.66,0.11,Standing
13,901442302000,-4.82,8.47,-0.15,Standing
13,901492290000,-5.05,8.31,-0.23,Standing
13,901542278000,-4.99,8.35,-0.23,Standing
13,901592296000,-5.2,8.28,-0.23,Standing
13,901592296000,-5.2,8.28,-0.23,Standing
13,901692272000,-5.18,8.28,-0.11,Standing
13,901742259000,-5.05,8.35,-0.11,Standing
13,901792278000,-4.99,8.35,-0.23,Standing
13,901842235000,-5.09,8.31,-0.34,Standing
13,901892314000,-4.94,8.35,-0.38,Standing
13,901942302000,-4.82,8.5,-0.27,Standing
13,901992259000,-4.9,8.5,-0.23,Standing
13,902042308000,-4.94,8.39,-0.27,Standing
13,902092296000,-4.94,8.35,-0.3,Standing
13,902142314000,-4.99,8.43,-0.23,Standing
13,902192302000,-4.86,8.5,-0.15,Standing
13,902242290000,-4.9,8.47,-0.15,Standing
13,902292308000,-4.99,8.47,-0.19,Standing
13,902342266000,-4.99,8.39,-0.19,Standing
13,902392314000,-4.94,8.43,-0.19,Standing
13,902392314000,-4.94,8.43,-0.19,Standing
13,902492259000,-4.94,8.43,-0.15,Standing
13,902542308000,-5.01,8.39,-0.23,Standing
13,902592266000,-5.01,8.35,-0.23,Standing
13,902642284000,-5.01,8.39,-0.23,Standing
13,902692302000,-5.01,8.35,-0.15,Standing
13,902742290000,-4.99,8.47,-0.19,Standing
13,902792308000,-4.99,8.35,-0.15,Standing
13,902842266000,-4.99,8.43,-0.15,Standing
13,902892314000,-4.94,8.47,-0.19,Standing
13,902942302000,-4.82,8.54,-0.15,Standing
13,902992290000,-4.94,8.39,-0.23,Standing
13,903042308000,-5.09,8.35,-0.27,Standing
13,903092296000,-5.01,8.35,-0.3,Standing
13,903142314000,-4.94,8.43,-0.23,Standing
13,903192272000,-4.9,8.43,-0.23,Standing
13,903242259000,-5.01,8.35,-0.23,Standing
13,903292278000,-5.05,8.35,-0.23,Standing
13,903342296000,-4.99,8.43,-0.15,Standing
13,903392314000,-4.94,8.47,-0.11,Standing
13,903442272000,-5.01,8.39,-0.11,Standing
13,903492259000,-4.99,8.43,-0.11,Standing
13,903542308000,-5.01,8.43,-0.08,Standing
13,903592266000,-4.99,8.43,-0.11,Standing
13,903642314000,-5.01,8.31,-0.15,Standing
13,903692302000,-5.05,8.39,-0.19,Standing
13,903742290000,-5.01,8.43,-0.15,Standing
13,903792278000,-5.05,8.31,-0.15,Standing
13,903842266000,-5.05,8.35,-0.15,Standing
13,903892284000,-5.05,8.43,-0.15,Standing
13,903942333000,-4.99,8.47,-0.15,Standing
13,903992290000,-5.01,8.39,-0.11,Standing
13,904042308000,-5.01,8.39,-0.23,Standing
13,904092327000,-4.94,8.43,-0.15,Standing
13,904142314000,-4.99,8.43,-0.08,Standing
13,904192302000,-5.2,8.28,-0.04,Standing
13,904242259000,-5.2,8.28,0.0,Standing
13,904292278000,-4.86,8.35,0.0,Standing
13,904342296000,-4.99,8.5,0.08,Standing
13,904392284000,-4.99,8.39,0.11,Standing
13,904442272000,-4.99,8.43,0.15,Standing
13,904492290000,-5.01,8.47,0.0,Standing
13,904542308000,-5.01,8.39,-0.15,Standing
13,904592266000,-5.01,8.43,-0.11,Standing
13,904642314000,-5.2,8.35,0.0,Standing
13,904710399000,-4.99,8.39,-0.08,Standing
13,904762310000,-4.67,8.58,0.11,Standing
13,904812328000,-5.05,8.43,-0.08,Standing
13,904862346000,-5.37,8.08,-0.3,Standing
13,904912303000,-5.67,8.01,-0.57,Standing
13,904962291000,-5.43,7.97,-0.61,Standing
13,905012279000,-4.59,8.69,-0.3,Standing
13,905062297000,-4.63,8.77,-0.08,Standing
13,905112377000,-4.79,8.58,-0.04,Standing
13,905162303000,-5.01,8.31,-0.11,Standing
13,905212291000,-4.94,8.5,-0.15,Standing
13,905262310000,-4.94,8.47,-0.08,Standing
13,905312297000,-4.9,8.47,-0.15,Standing
13,905362499000,-5.01,8.43,-0.15,Standing
13,905412303000,-5.05,8.35,-0.23,Standing
13,905462291000,-4.99,8.39,-0.3,Standing
13,905512340000,-4.94,8.31,-0.34,Standing
13,905562297000,-4.99,8.39,-0.27,Standing
13,905612316000,-5.09,8.47,-0.23,Standing
13,905662303000,-5.09,8.35,-0.27,Standing
13,905712261000,-5.01,8.35,-0.27,Standing
13,905762310000,-4.99,8.39,-0.27,Standing
13,905812297000,-4.99,8.43,-0.3,Standing
13,905862316000,-4.99,8.47,-0.27,Standing
13,905912334000,-4.94,8.43,-0.27,Standing
13,905962291000,-4.9,8.39,-0.3,Standing
13,906012279000,-4.94,8.39,-0.23,Standing
13,906062267000,-4.94,8.43,-0.23,Standing
13,906112316000,-4.99,8.43,-0.27,Standing
13,906162303000,-4.9,8.47,-0.27,Standing
13,906212291000,-4.86,8.43,-0.27,Standing
13,906262310000,-4.9,8.39,-0.3,Standing
13,906312328000,-4.94,8.43,-0.23,Standing
13,906362316000,-4.86,8.43,-0.19,Standing
13,906412334000,-4.94,8.47,-0.19,Standing
13,906462291000,-4.94,8.43,-0.23,Standing
13,906512340000,-4.86,8.47,-0.23,Standing
13,906562328000,-4.94,8.43,-0.34,Standing
13,906612316000,-4.94,8.39,-0.3,Standing
13,906662303000,-4.94,8.43,-0.27,Standing
13,906712291000,-4.9,8.47,-0.27,Standing
13,906762310000,-4.99,8.43,-0.27,Standing
13,906812297000,-4.94,8.39,-0.19,Standing
13,906862590000,-4.94,8.43,-0.23,Standing
13,906912303000,-4.9,8.43,-0.27,Standing
13,906962291000,-4.94,8.43,-0.27,Standing
13,907012279000,-4.86,8.43,-0.27,Standing
13,907062267000,-4.94,8.43,-0.27,Standing
13,907112316000,-4.94,8.47,-0.19,Standing
13,907162303000,-4.94,8.43,-0.23,Standing
13,907162303000,-4.94,8.43,-0.23,Standing
13,907262279000,-4.94,8.47,-0.23,Standing
13,907312297000,-4.86,8.43,-0.19,Standing
13,907362346000,-4.94,8.39,-0.23,Standing
13,907412334000,-4.9,8.43,-0.19,Standing
13,907462749000,-4.94,8.43,-0.19,Standing
13,907512371000,-4.9,8.43,-0.19,Standing
13,907562419000,-4.9,8.5,-0.19,Standing
13,907612224000,-4.94,8.43,-0.19,Standing
13,907662334000,-4.9,8.39,-0.27,Standing
13,907712291000,-4.94,8.39,-0.19,Standing
13,907762310000,-4.99,8.39,-0.15,Standing
13,907812297000,-4.94,8.47,-0.19,Standing
13,907862316000,-4.94,8.43,-0.19,Standing
13,907912303000,-4.94,8.39,-0.19,Standing
13,907962291000,-4.99,8.43,-0.23,Standing
13,908012279000,-4.94,8.39,-0.27,Standing
13,908062267000,-4.9,8.39,-0.27,Standing
13,908112346000,-4.99,8.43,-0.23,Standing
13,908162303000,-4.94,8.43,-0.19,Standing
13,908212261000,-4.94,8.43,-0.27,Standing
13,908262310000,-4.9,8.43,-0.23,Standing
13,908262310000,-4.9,8.43,-0.23,Standing
13,908362438000,-4.94,8.47,-0.23,Standing
13,908412303000,-4.99,8.47,-0.27,Standing
13,908462291000,-4.86,8.43,-0.23,Standing
13,908512340000,-4.94,8.47,-0.23,Standing
13,908562297000,-4.9,8.43,-0.23,Standing
13,908612316000,-4.9,8.39,-0.27,Standing
13,908612316000,-4.9,8.39,-0.27,Standing
13,908672618000,-4.99,8.39,-0.27,Standing
13,908723278000,-4.94,8.39,-0.27,Standing
13,908772869000,-4.94,8.43,-0.19,Standing
13,908823528000,-4.9,8.43,-0.27,Standing
13,908882305000,-4.94,8.43,-0.23,Standing
13,908942302000,-4.94,8.35,-0.19,Standing
13,908992290000,-4.94,8.39,-0.23,Standing
13,909042278000,-4.94,8.43,-0.27,Standing
13,909092266000,-4.94,8.39,-0.23,Standing
13,909092266000,-4.94,8.39,-0.23,Standing
13,909192302000,-4.9,8.43,-0.23,Standing
13,909242259000,-4.9,8.39,-0.23,Standing
13,909292339000,-4.94,8.47,-0.23,Standing
13,909342296000,-4.99,8.43,-0.19,Standing
13,909392314000,-4.94,8.43,-0.19,Standing
13,909442272000,-4.9,8.43,-0.15,Standing
13,909492259000,-4.94,8.43,-0.23,Standing
13,909542308000,-4.99,8.39,-0.19,Standing
13,909592327000,-4.99,8.43,-0.27,Standing
13,909642314000,-4.94,8.39,-0.27,Standing
13,909692272000,-4.9,8.39,-0.3,Standing
13,909742259000,-4.94,8.39,-0.23,Standing
13,909792278000,-5.01,8.35,-0.27,Standing
13,909842266000,-4.94,8.47,-0.27,Standing
13,909892314000,-4.99,8.43,-0.23,Standing
13,909942272000,-4.9,8.43,-0.27,Standing
13,909992229000,-4.9,8.43,-0.38,Standing
13,910042308000,-4.99,8.35,-0.3,Standing
13,910092266000,-5.01,8.39,0.0,Standing
13,910142314000,-4.9,8.58,0.08,Standing
13,910192302000,-4.86,8.5,-0.15,Standing
13,910252483000,-4.9,8.31,-0.46,Standing
13,910312297000,-5.05,8.28,-0.27,Standing
13,910362285000,-5.05,8.5,0.08,Standing
13,910412303000,-4.9,8.62,-0.11,Standing
13,910462291000,-4.79,8.43,-0.42,Standing
13,910512279000,-4.9,8.24,-0.42,Standing
13,910562297000,-5.18,8.31,-0.04,Standing
13,910612316000,-4.94,8.62,0.0,Standing
13,910662303000,-4.86,8.47,-0.27,Standing
13,910712261000,-4.94,8.24,-0.27,Standing
13,910762310000,-5.13,8.35,0.0,Standing
13,910812297000,-5.05,8.5,-0.04,Standing
13,910862316000,-4.86,8.39,-0.27,Standing
13,910912303000,-5.01,8.31,-0.15,Standing
13,910962291000,-5.09,8.35,-0.08,Standing
13,911012279000,-4.99,8.5,-0.19,Standing
13,911062328000,-4.86,8.39,-0.34,Standing
13,911112346000,-4.99,8.31,-0.15,Standing
13,911162303000,-5.05,8.43,-0.11,Standing
13,911212291000,-4.94,8.5,-0.15,Standing
13,911262218000,-4.94,8.35,-0.19,Standing
13,911312267000,-5.05,8.35,-0.08,Standing
13,911362285000,-5.05,8.5,-0.08,Standing
13,911412303000,-4.94,8.43,-0.19,Standing
13,911462291000,-4.99,8.31,-0.27,Standing
13,911512310000,-5.05,8.35,-0.15,Standing
13,911562297000,-5.09,8.43,-0.08,Standing
13,911612316000,-4.94,8.43,-0.23,Standing
13,911662303000,-4.99,8.31,-0.3,Standing
13,911712291000,-5.01,8.39,-0.11,Standing
13,911762279000,-5.01,8.43,0.0,Standing
13,911812297000,-4.94,8.47,-0.11,Standing
13,911862316000,-4.9,8.35,-0.27,Standing
13,911912273000,-5.01,8.35,-0.23,Standing
13,911962261000,-5.01,8.39,-0.15,Standing
13,912012248000,-4.99,8.43,-0.11,Standing
13,912062297000,-4.94,8.47,-0.08,Standing
13,912112316000,-4.99,8.43,-0.11,Standing
13,912162273000,-4.99,8.35,-0.27,Standing
13,912212261000,-4.99,8.35,-0.23,Standing
13,912262279000,-4.99,8.39,-0.08,Standing
13,912312267000,-4.99,8.5,-0.08,Standing
13,912362285000,-4.9,8.47,-0.08,Standing
13,912412303000,-4.94,8.43,-0.27,Standing
13,912462261000,-4.94,8.43,-0.3,Standing
13,912512310000,-5.01,8.39,-0.15,Standing
13,912571575000,-4.99,8.47,0.0,Standing
13,912571575000,-4.99,8.47,0.0,Standing
13,912623149000,-4.94,8.47,-0.08,Standing
13,912672740000,-4.9,8.39,-0.34,Standing
13,912723461000,-5.01,8.28,-0.34,Standing
13,912782268000,-5.05,8.39,-0.15,Standing
13,912842296000,-5.01,8.5,-0.04,Standing
13,912892314000,-4.9,8.47,-0.15,Standing
13,912942302000,-4.94,8.31,-0.34,Standing
13,912992229000,-5.01,8.31,-0.3,Standing
13,913042278000,-5.01,8.43,-0.11,Standing
13,913092296000,-4.99,8.47,-0.04,Standing
13,913142284000,-4.94,8.47,-0.08,Standing
13,913192272000,-4.9,8.35,-0.3,Standing
13,913242259000,-4.99,8.35,-0.34,Standing
13,913292308000,-5.09,8.39,-0.08,Standing
13,913342296000,-4.99,8.5,-0.04,Standing
13,913392314000,-4.94,8.47,-0.15,Standing
13,913442272000,-4.94,8.35,-0.3,Standing
13,913492229000,-4.99,8.35,-0.3,Standing
13,913542308000,-5.01,8.39,-0.11,Standing
13,913592296000,-4.99,8.47,-0.08,Standing
13,913642284000,-4.99,8.43,-0.19,Standing
13,913692272000,-4.99,8.35,-0.27,Standing
13,913742290000,-5.01,8.31,-0.23,Standing
13,913792278000,-5.01,8.43,-0.27,Standing
13,913842296000,-4.94,8.47,-0.19,Standing
13,913892314000,-4.94,8.43,-0.15,Standing
13,913942272000,-4.99,8.43,-0.19,Standing
13,913992229000,-4.94,8.39,-0.19,Standing
13,914042278000,-4.99,8.39,-0.11,Standing
13,914092296000,-4.99,8.43,-0.08,Standing
13,914142253000,-4.99,8.43,-0.15,Standing
13,914192272000,-4.94,8.39,-0.15,Standing
13,914242259000,-4.99,8.43,-0.15,Standing
13,914292278000,-5.01,8.43,-0.11,Standing
13,914342266000,-5.01,8.39,-0.15,Standing
13,914342266000,-5.01,8.39,-0.15,Standing
13,914442241000,-5.01,8.39,-0.11,Standing
13,914492229000,-5.01,8.39,-0.15,Standing
13,914542308000,-4.94,8.39,-0.11,Standing
13,914592296000,-5.01,8.43,-0.19,Standing
13,914642284000,-5.01,8.39,-0.15,Standing
13,914692302000,-4.99,8.35,-0.15,Standing
13,914742290000,-5.05,8.43,-0.08,Standing
13,914792308000,-4.99,8.39,-0.04,Standing
13,914842296000,-4.94,8.43,-0.15,Standing
13,914892253000,-4.94,8.43,-0.19,Standing
13,914942272000,-4.99,8.43,-0.15,Standing
13,914992259000,-5.01,8.43,-0.19,Standing
13,915042278000,-4.99,8.43,-0.11,Standing
13,915092296000,-4.94,8.39,-0.15,Standing
13,915142284000,-4.99,8.43,-0.15,Standing
13,915192272000,-5.05,8.39,-0.15,Standing
13,915243633000,-4.99,8.39,-0.15,Standing
13,915312297000,-5.01,8.39,-0.15,Standing
13,915312297000,-5.01,8.39,-0.15,Standing
13,915412303000,-5.01,8.39,-0.19,Standing
13,915412303000,-5.01,8.39,-0.19,Standing
13,915512310000,-4.99,8.43,-0.15,Standing
13,915562267000,-5.01,8.43,-0.15,Standing
13,915612285000,-5.01,8.39,-0.08,Standing
13,915662273000,-5.01,8.39,-0.19,Standing
13,915662273000,-5.01,8.39,-0.19,Standing
13,915762310000,-4.99,8.43,-0.15,Standing
13,915812267000,-4.99,8.39,-0.19,Standing
13,915862285000,-5.05,8.39,-0.19,Standing
13,915912303000,-5.01,8.43,-0.11,Standing
13,915962261000,-4.99,8.43,-0.15,Standing
13,916012218000,-4.99,8.43,-0.19,Standing
13,916012218000,-4.99,8.43,-0.19,Standing
13,916012218000,-4.99,8.43,-0.19,Standing
13,916162242000,-4.99,8.43,-0.15,Standing
13,916212261000,-4.99,8.43,-0.19,Standing
13,916262279000,-4.99,8.39,-0.15,Standing
13,916312267000,-4.94,8.43,-0.15,Standing
13,916312267000,-4.94,8.43,-0.15,Standing
13,916412303000,-4.99,8.39,-0.11,Standing
13,916462291000,-4.94,8.43,-0.19,Standing
13,916512310000,-5.01,8.39,-0.11,Standing
13,916562267000,-4.99,8.43,-0.11,Standing
13,916612285000,-5.05,8.43,-0.19,Standing
13,916662303000,-4.99,8.39,-0.15,Standing
13,916712261000,-4.99,8.39,-0.23,Standing
13,916762279000,-5.01,8.43,-0.23,Standing
13,916812267000,-4.94,8.39,-0.23,Standing
13,916862285000,-4.99,8.39,-0.19,Standing
13,916912303000,-4.99,8.43,-0.15,Standing
13,916962261000,-5.01,8.47,-0.15,Standing
13,917012310000,-4.99,8.39,-0.15,Standing
13,917062267000,-4.99,8.43,-0.19,Standing
13,917112285000,-4.99,8.43,-0.15,Standing
13,917162303000,-4.99,8.43,-0.19,Standing
13,917212291000,-5.05,8.39,-0.23,Standing
13,917262279000,-5.01,8.35,-0.23,Standing
13,917312267000,-4.99,8.39,-0.23,Standing
13,917312267000,-4.99,8.39,-0.23,Standing
13,917412273000,-4.99,8.35,-0.15,Standing
13,917462261000,-4.99,8.35,-0.27,Standing
13,917512279000,-4.99,8.39,-0.15,Standing
13,917562267000,-5.01,8.39,-0.08,Standing
13,917612285000,-4.94,8.39,-0.19,Standing
13,917662273000,-5.01,8.39,-0.23,Standing
13,917662273000,-5.01,8.39,-0.23,Standing
13,917762279000,-4.99,8.39,-0.23,Standing
13,917812297000,-5.01,8.31,-0.27,Standing
13,917862316000,-5.01,8.35,-0.23,Standing
13,917912303000,-4.99,8.39,-0.19,Standing
13,917962261000,-4.99,8.43,-0.19,Standing
13,918012218000,-4.99,8.39,-0.19,Standing
13,918062297000,-5.01,8.39,-0.23,Standing
13,918112285000,-4.99,8.39,-0.19,Standing
13,918162273000,-4.99,8.47,-0.19,Standing
13,918212322000,-4.94,8.39,-0.15,Standing
13,918262279000,-4.94,8.39,-0.19,Standing
13,918312267000,-5.01,8.43,-0.19,Standing
13,918362316000,-4.99,8.39,-0.19,Standing
13,918412303000,-5.05,8.43,-0.23,Standing
13,918462261000,-5.05,8.43,-0.46,Standing
13,918512310000,-5.05,8.31,-0.53,Standing
13,918562297000,-5.13,8.47,-0.34,Standing
13,918612316000,-4.75,8.35,-0.04,Standing
13,918662334000,-4.82,8.5,0.15,Standing
13,918712291000,-5.28,8.58,0.11,Standing
13,918762310000,-5.37,8.24,0.19,Standing
13,918812297000,-5.2,8.2,-0.04,Standing
13,918862346000,-5.28,8.24,-0.11,Standing
13,918912303000,-5.05,8.43,-0.04,Standing
13,918962291000,-5.2,8.54,0.0,Standing
13,919012279000,-5.28,8.58,-0.15,Standing
13,919062297000,-5.13,8.28,0.08,Standing
13,919112316000,-4.67,8.58,0.11,Standing
13,919162334000,-4.71,8.16,0.42,Standing
13,919212291000,-5.2,8.89,0.69,Standing
13,919262310000,-5.24,7.89,0.8,Standing
13,919312297000,-6.02,7.82,0.69,Standing
13,919362316000,-5.13,7.59,0.69,Standing
13,919412303000,-6.09,7.97,0.93,Standing
13,919462291000,-5.33,8.43,1.69,Standing
13,919512279000,-4.33,8.58,1.69,Standing
13,919562328000,-4.79,8.85,1.42,Standing
13,919612316000,-5.24,8.24,1.23,Standing
13,919662303000,-5.75,7.97,1.27,Standing
13,919712291000,-5.28,8.16,1.14,Standing
13,919762310000,-5.18,8.35,1.12,Standing
13,919812297000,-5.2,8.12,1.27,Standing
13,919862316000,-5.56,8.12,1.18,Standing
13,919912334000,-5.33,8.24,1.42,Standing
13,919962291000,-5.01,8.39,1.31,Standing
13,920012248000,-4.99,8.39,1.33,Standing
13,920062297000,-5.13,8.31,1.18,Standing
13,920112346000,-5.28,8.16,1.12,Standing
13,920162303000,-5.24,8.28,1.04,Standing
13,920212291000,-5.2,8.24,0.65,Standing
13,920262310000,-5.48,8.05,0.5,Standing
13,920312297000,-5.37,8.2,0.65,Standing
13,920312297000,-5.37,8.2,0.65,Standing
13,920382305000,-5.09,8.66,0.93,Standing
13,920432262000,-4.86,8.54,0.8,Standing
13,920482280000,-4.99,8.43,0.27,Standing
13,920532268000,-5.2,8.16,0.0,Standing
13,920592296000,-5.33,8.43,0.23,Standing
13,920642284000,-5.13,8.35,0.15,Standing
13,920692272000,-5.05,8.58,0.15,Standing
13,920742259000,-5.05,8.28,0.04,Standing
13,920792308000,-5.2,8.47,0.0,Standing
13,920842296000,-5.09,8.43,-0.08,Standing
13,920892314000,-4.94,8.24,-0.42,Standing
13,920942302000,-5.05,8.43,-0.3,Standing
13,920992259000,-4.94,8.39,-0.3,Standing
13,921042278000,-4.79,8.58,-0.3,Standing
13,921092235000,-4.79,8.47,-0.3,Standing
13,921142284000,-4.86,8.58,-0.27,Standing
13,921192272000,-4.82,8.58,-0.15,Standing
13,921242321000,-4.82,8.54,-0.23,Standing
13,921292308000,-4.75,8.58,-0.42,Standing
13,921342296000,-4.82,8.5,-0.34,Standing
13,921392314000,-4.79,8.58,-0.3,Standing
13,921442302000,-4.75,8.62,-0.27,Standing
13,921492259000,-4.63,8.58,-0.27,Standing
13,921542308000,-4.71,8.54,-0.19,Standing
13,921592327000,-4.79,8.47,-0.3,Standing
13,921642314000,-4.94,8.54,-0.11,Standing
13,921642314000,-4.94,8.54,-0.11,Standing
13,921752269000,-4.86,8.54,-0.19,Standing
13,921802288000,-4.82,8.5,-0.19,Standing
13,921852275000,-4.86,8.47,-0.27,Standing
13,921902294000,-4.9,8.43,-0.34,Standing
13,921952281000,-4.9,8.39,-0.27,Standing
13,922002513000,-4.86,8.5,-0.23,Standing
13,922052288000,-4.82,8.62,-0.08,Standing
13,922102275000,-4.67,8.66,-0.04,Standing
13,922152263000,-4.75,8.58,-0.08,Standing
13,922202312000,-4.79,8.62,-0.08,Standing
13,922252300000,-4.75,8.54,-0.15,Standing
13,922302288000,-4.75,8.58,-0.19,Standing
13,922352245000,-4.86,8.58,-0.19,Standing
13,922402263000,-4.79,8.5,-0.27,Standing
13,922452281000,-4.82,8.5,-0.19,Standing
13,922502269000,-4.82,8.58,-0.11,Standing
13,922552288000,-4.86,8.58,-0.08,Standing
13,922602275000,-4.9,8.5,-0.08,Standing
13,922652233000,-4.9,8.47,-0.08,Standing
13,922702281000,-4.86,8.47,-0.11,Standing
13,922752239000,-4.94,8.47,-0.11,Standing
13,922802318000,-4.99,8.54,-0.04,Standing
13,922852306000,-4.9,8.47,-0.11,Standing
13,922902263000,-4.9,8.5,-0.15,Standing
13,922952281000,-4.94,8.47,-0.11,Standing
13,923002269000,-4.9,8.43,-0.11,Standing
13,923052288000,-4.94,8.47,-0.15,Standing
13,923102245000,-4.94,8.43,-0.15,Standing
13,923152263000,-4.94,8.47,-0.15,Standing
13,923212352000,-4.9,8.47,-0.15,Standing
13,923262248000,-4.9,8.5,-0.08,Standing
13,923312328000,-4.94,8.47,-0.11,Standing
13,923362224000,-4.94,8.47,-0.08,Standing
13,923412273000,-4.86,8.47,-0.08,Standing
13,923462291000,-4.94,8.43,-0.11,Standing
13,923512279000,-4.94,8.47,-0.11,Standing
13,923562328000,-4.9,8.5,-0.04,Standing
13,923612316000,-4.94,8.47,-0.11,Standing
13,923662303000,-4.99,8.43,-0.15,Standing
13,923712261000,-4.99,8.39,-0.15,Standing
13,923762310000,-4.9,8.43,-0.19,Standing
13,923812328000,-4.94,8.47,-0.15,Standing
13,923862285000,-4.99,8.47,-0.15,Standing
13,923912334000,-4.94,8.43,-0.19,Standing
13,923912334000,-4.94,8.43,-0.19,Standing
13,924012248000,-4.9,8.43,-0.15,Standing
13,924062358000,-5.01,8.39,-0.19,Standing
13,924112346000,-4.94,8.43,-0.19,Standing
13,924112346000,-4.94,8.43,-0.19,Standing
13,924212230000,-4.94,8.43,-0.15,Standing
13,924262279000,-4.94,8.43,-0.23,Standing
13,924312297000,-4.9,8.39,-0.3,Standing
13,924362316000,-4.94,8.43,-0.27,Standing
13,924412273000,-4.94,8.43,-0.19,Standing
13,924462322000,-4.9,8.47,-0.23,Standing
13,924512310000,-4.9,8.43,-0.27,Standing
13,924562297000,-4.94,8.47,-0.23,Standing
13,924612285000,-4.94,8.43,-0.27,Standing
13,924662303000,-4.86,8.47,-0.23,Standing
13,924712322000,-4.94,8.43,-0.19,Standing
13,924762279000,-4.86,8.47,-0.19,Standing
13,924812328000,-4.9,8.43,-0.15,Standing
13,924862285000,-4.94,8.43,-0.19,Standing
13,924912303000,-4.9,8.47,-0.19,Standing
13,924962261000,-4.9,8.47,-0.27,Standing
13,925012279000,-4.9,8.43,-0.23,Standing
13,925062267000,-4.9,8.47,-0.19,Standing
13,925112285000,-4.86,8.47,-0.19,Standing
13,925162273000,-4.9,8.47,-0.23,Standing
13,925212291000,-4.86,8.5,-0.15,Standing
13,925262279000,-4.86,8.5,-0.19,Standing
13,925312297000,-4.82,8.47,-0.27,Standing
13,925362316000,-4.9,8.43,-0.3,Standing
13,925412303000,-4.94,8.39,-0.27,Standing
13,925462261000,-4.9,8.47,-0.27,Standing
13,925512310000,-4.94,8.43,-0.23,Standing
13,925562297000,-4.82,8.47,-0.27,Standing
13,925612316000,-4.86,8.43,-0.23,Standing
13,925662273000,-4.94,8.43,-0.3,Standing
13,925712261000,-4.94,8.43,-0.23,Standing
13,925762310000,-4.9,8.39,-0.34,Standing
13,925812297000,-4.86,8.47,-0.27,Standing
13,925862316000,-4.9,8.43,-0.23,Standing
13,925912273000,-4.9,8.43,-0.19,Standing
13,925962291000,-4.94,8.47,-0.27,Standing
13,926012218000,-4.94,8.39,-0.27,Standing
13,926062297000,-5.01,8.39,-0.27,Standing
13,926112285000,-4.99,8.39,-0.27,Standing
13,926162303000,-4.86,8.47,-0.23,Standing
13,926212261000,-4.82,8.5,-0.23,Standing
13,926262310000,-4.9,8.47,-0.27,Standing
13,926312297000,-4.94,8.35,-0.27,Standing
13,926362285000,-4.94,8.43,-0.27,Standing
13,926412303000,-4.9,8.47,-0.27,Standing
13,926462261000,-4.9,8.43,-0.3,Standing
13,926512340000,-4.86,8.47,-0.27,Standing
13,926562267000,-4.86,8.47,-0.34,Standing
13,926612316000,-4.94,8.39,-0.3,Standing
13,926662303000,-4.9,8.43,-0.34,Standing
13,926712291000,-4.9,8.39,-0.34,Standing
13,926712291000,-4.9,8.39,-0.34,Standing
13,926812267000,-4.86,8.47,-0.34,Standing
13,926862316000,-4.82,8.54,-0.23,Standing
13,926912303000,-4.86,8.47,-0.3,Standing
13,926962291000,-4.9,8.43,-0.34,Standing
13,927012187000,-4.9,8.39,-0.34,Standing
13,927062267000,-4.86,8.43,-0.34,Standing
13,927112346000,-4.94,8.43,-0.3,Standing
13,927162334000,-4.9,8.39,-0.38,Standing
13,927212261000,-4.9,8.43,-0.38,Standing
13,927262310000,-4.9,8.39,-0.34,Standing
13,927312267000,-4.82,8.39,-0.38,Standing
13,927362285000,-4.94,8.43,-0.38,Standing
13,927412303000,-4.82,8.47,-0.3,Standing
13,927462291000,-4.86,8.43,-0.3,Standing
13,927512279000,-4.94,8.43,-0.27,Standing
13,927562297000,-4.9,8.47,-0.3,Standing
13,927612285000,-4.86,8.43,-0.3,Standing
13,927662273000,-4.9,8.43,-0.27,Standing
13,927712261000,-4.9,8.47,-0.27,Standing
13,927762279000,-4.9,8.39,-0.3,Standing
13,927812267000,-4.94,8.39,-0.3,Standing
13,927862285000,-4.9,8.43,-0.3,Standing
13,927912273000,-4.9,8.43,-0.27,Standing
13,927962261000,-4.86,8.39,-0.27,Standing
13,928012248000,-4.94,8.43,-0.27,Standing
13,928062297000,-4.94,8.39,-0.23,Standing
13,928112316000,-4.99,8.43,-0.27,Standing
13,928162303000,-4.94,8.47,-0.23,Standing
13,928212261000,-4.94,8.39,-0.23,Standing
13,928212261000,-4.94,8.39,-0.23,Standing
13,928282268000,-4.94,8.43,-0.27,Standing
13,928332256000,-4.99,8.43,-0.27,Standing
13,928382274000,-4.94,8.43,-0.23,Standing
13,928442272000,-4.9,8.43,-0.23,Standing
13,928492259000,-4.94,8.43,-0.27,Standing
13,928542308000,-4.99,8.39,-0.23,Standing
13,928592296000,-4.94,8.43,-0.27,Standing
13,928642284000,-4.9,8.43,-0.3,Standing
13,928692272000,-4.94,8.43,-0.27,Standing
13,928742259000,-4.82,8.43,-0.3,Standing
13,928792308000,-4.9,8.47,-0.23,Standing
13,928842296000,-4.94,8.43,-0.19,Standing
13,928892284000,-4.9,8.43,-0.3,Standing
13,928942272000,-4.94,8.43,-0.27,Standing
13,928992259000,-4.9,8.43,-0.3,Standing
13,929042278000,-4.94,8.43,-0.27,Standing
13,929092235000,-4.9,8.43,-0.27,Standing
13,929092235000,-4.9,8.43,-0.27,Standing
13,929192272000,-4.86,8.43,-0.23,Standing
13,929242290000,-4.94,8.47,-0.27,Standing
13,929292278000,-4.9,8.47,-0.3,Standing
13,929342266000,-4.9,8.43,-0.27,Standing
13,929392284000,-4.94,8.43,-0.23,Standing
13,929442241000,-4.94,8.43,-0.27,Standing
13,929442241000,-4.94,8.43,-0.27,Standing
13,929542247000,-4.94,8.43,-0.23,Standing
13,929592235000,-4.94,8.43,-0.27,Standing
13,929642314000,-4.9,8.47,-0.23,Standing
13,929692272000,-4.94,8.43,-0.27,Standing
13,929742229000,-4.94,8.39,-0.27,Standing
13,929792247000,-4.9,8.39,-0.27,Standing
13,929842296000,-4.94,8.39,-0.34,Standing
13,929892284000,-4.94,8.39,-0.3,Standing
13,929942302000,-4.86,8.47,-0.34,Standing
13,929992259000,-4.71,8.54,-0.27,Standing
13,930042308000,-4.75,8.47,-0.19,Standing
13,930092266000,-4.9,8.43,-0.46,Standing
13,930142314000,-5.01,8.39,-0.42,Standing
13,930192272000,-5.18,8.31,-0.42,Standing
13,930245922000,-5.09,8.31,-0.42,Standing
13,930302318000,-4.9,8.43,-0.3,Standing
13,930352275000,-4.94,8.43,-0.19,Standing
13,930402263000,-4.9,8.39,-0.15,Standing
13,930452281000,-5.05,8.43,-0.19,Standing
13,930502269000,-5.09,8.35,-0.34,Standing
13,930552288000,-4.94,8.31,-0.34,Standing
13,930602275000,-4.82,8.5,-0.23,Standing
13,930652263000,-4.79,8.54,-0.15,Standing
13,930702251000,-4.79,8.62,-0.15,Standing
13,930752269000,-4.75,8.58,-0.15,Standing
13,930802318000,-4.99,8.39,-0.27,Standing
13,930852275000,-5.09,8.28,-0.42,Standing
13,930902263000,-5.09,8.28,-0.46,Standing
13,930952312000,-4.82,8.54,-0.11,Standing
13,931012371000,-4.82,8.54,-0.11,Standing
13,931062267000,-4.9,8.43,-0.19,Standing
13,931112346000,-4.94,8.43,-0.23,Standing
13,931162242000,-4.9,8.47,-0.23,Standing
13,931212261000,-4.79,8.54,-0.23,Standing
13,931262279000,-4.86,8.43,-0.23,Standing
13,931312267000,-4.9,8.43,-0.27,Standing
13,931362316000,-5.05,8.43,-0.3,Standing
13,931412303000,-4.99,8.39,-0.3,Standing
13,931462261000,-4.9,8.39,-0.27,Standing
13,931512279000,-4.9,8.5,-0.27,Standing
13,931562297000,-4.9,8.43,-0.19,Standing
13,931612285000,-4.9,8.43,-0.15,Standing
13,931662303000,-4.94,8.43,-0.23,Standing
13,931712291000,-5.01,8.35,-0.34,Standing
13,931762340000,-5.09,8.31,-0.23,Standing
13,931812267000,-4.99,8.31,-0.27,Standing
13,931862316000,-4.9,8.43,-0.19,Standing
13,931912303000,-4.86,8.47,-0.11,Standing
13,931962261000,-4.86,8.47,-0.23,Standing
13,932012279000,-4.94,8.47,-0.19,Standing
13,932062267000,-4.9,8.47,-0.23,Standing
13,932112316000,-4.82,8.54,-0.11,Standing
13,932162273000,-4.82,8.54,-0.23,Standing
13,932212261000,-4.86,8.54,-0.27,Standing
13,932262310000,-5.01,8.31,-0.34,Standing
13,932312297000,-5.13,8.31,-0.34,Standing
13,932362316000,-5.05,8.47,-0.23,Standing
13,932412303000,-4.71,8.58,-0.08,Standing
13,932462261000,-4.63,8.58,-0.15,Standing
13,932512310000,-4.9,8.43,-0.23,Standing
13,932562297000,-5.2,8.28,-0.38,Standing
13,932612316000,-5.56,8.05,-0.57,Standing
13,932662334000,-5.37,8.12,-0.34,Standing
13,932712291000,-4.9,8.47,0.04,Standing
13,932762310000,-4.67,8.66,0.23,Standing
13,932812297000,-4.71,8.69,0.15,Standing
13,932862316000,-4.86,8.54,-0.08,Standing
13,932912303000,-4.99,8.39,-0.27,Standing
13,932962291000,-5.37,8.12,-0.61,Standing
13,933012310000,-5.98,7.86,-0.89,Standing
13,933062297000,-5.56,7.93,-0.53,Standing
13,933112316000,-4.67,8.62,0.15,Standing
13,933162303000,-2.96,9.77,1.18,Standing
13,933212261000,-2.41,10.0,1.18,Standing
13,933262310000,-4.52,8.69,-0.19,Standing
13,933312297000,-5.63,7.82,-0.57,Standing
13,933362346000,-6.02,7.7,-0.89,Standing
13,933412334000,-6.24,7.97,-0.3,Standing
13,933462291000,-5.37,8.16,-0.19,Standing
13,933512310000,-5.09,8.5,0.38,Standing
13,933562297000,-4.56,8.62,0.34,Standing
13,933612316000,-4.75,8.69,0.27,Standing
13,933662273000,-4.67,8.58,0.27,Standing
13,933712261000,-4.67,8.81,0.5,Standing
13,933762279000,-4.44,8.81,0.11,Standing
13,933812297000,-4.71,8.43,-0.38,Standing
13,933862316000,-5.37,8.2,-0.76,Standing
13,933912364000,-5.67,7.93,-0.53,Standing
13,933962291000,-4.94,8.54,-0.15,Standing
13,934012279000,-4.56,8.81,0.23,Standing
13,934062328000,-4.63,8.58,0.0,Standing
13,934112316000,-5.37,8.31,-0.23,Standing
13,934162334000,-5.18,8.16,-0.27,Standing
13,934212291000,-4.9,8.47,-0.08,Standing
13,934262310000,-4.82,8.54,-0.11,Standing
13,934312358000,-4.71,8.62,-0.15,Standing
13,934362316000,-4.59,8.58,-0.08,Standing
13,934412364000,-4.67,8.69,0.08,Standing
13,934462322000,-4.71,8.81,-0.08,Standing
13,934512310000,-4.99,8.54,-0.38,Standing
13,934562328000,-5.28,7.82,-0.57,Standing
13,934612316000,-4.75,8.77,0.04,Standing
13,934662303000,-4.75,8.43,0.0,Standing
13,934712291000,-5.05,8.35,-0.04,Standing
13,934762310000,-5.01,8.5,-0.11,Standing
13,934812328000,-4.82,8.43,-0.08,Standing
13,934862316000,-4.79,8.62,-0.08,Standing
13,934912364000,-4.99,8.5,-0.23,Standing
13,934962322000,-4.82,8.43,-0.3,Standing
13,935012218000,-4.9,8.47,-0.15,Standing
13,935062297000,-4.86,8.58,0.04,Standing
13,935112316000,-4.82,8.5,0.0,Standing
13,935162273000,-4.9,8.5,-0.04,Standing
13,935212291000,-5.01,8.43,-0.11,Standing
13,935212291000,-5.01,8.43,-0.11,Standing
13,935272777000,-5.05,8.35,-0.08,Standing
13,935323406000,-4.9,8.47,-0.08,Standing
13,935382274000,-4.86,8.58,-0.04,Standing
13,935442302000,-4.79,8.58,0.04,Standing
13,935492259000,-4.75,8.58,-0.04,Standing
13,935542308000,-4.86,8.58,0.0,Standing
13,935592266000,-5.01,8.47,-0.04,Standing
13,935642314000,-4.9,8.43,-0.08,Standing
13,935692302000,-5.2,8.31,-0.23,Standing
13,935742290000,-5.48,8.2,-0.23,Standing
13,935792308000,-4.86,8.54,0.08,Standing
13,935842266000,-4.33,8.77,0.08,Standing
13,935892253000,-4.4,8.77,0.23,Standing
13,935942272000,-4.52,8.85,0.27,Standing
13,935992259000,-4.59,8.73,0.08,Standing
13,936069927000,-4.82,8.62,-0.04,Standing
13,936069927000,-4.82,8.62,-0.04,Standing
13,936132305000,-5.18,8.39,-0.38,Standing
13,936182384000,-4.86,8.47,-0.19,Standing
13,936232311000,-4.79,8.62,-0.15,Standing
13,936292278000,-4.82,8.54,-0.15,Standing
13,936342235000,-4.9,8.54,-0.15,Standing
13,936392284000,-5.01,8.62,0.04,Standing
13,936442302000,-4.82,8.69,0.08,Standing
13,936492259000,-4.59,8.73,-0.04,Standing
13,936542308000,-4.82,8.5,0.0,Standing
13,936592296000,-5.2,8.5,0.53,Standing
13,936642314000,-5.71,7.74,0.76,Standing
13,936692272000,-5.43,8.2,1.18,Standing
13,936742290000,-4.94,7.5,1.12,Standing
13,936792308000,-4.75,8.69,2.26,Standing
13,936842266000,-3.76,9.66,3.34,Standing
13,936892314000,-4.25,8.2,1.76,Standing
13,936942302000,-6.21,7.7,1.18,Standing
13,936992259000,-5.05,8.39,2.18,Standing
13,937042308000,-5.24,8.24,1.31,Standing
13,937092296000,-4.67,8.5,1.57,Standing
13,937142314000,-4.99,8.01,0.99,Standing
13,937192302000,-5.37,8.16,1.57,Standing
13,937242290000,-3.79,9.38,3.21,Standing
13,937292308000,-4.4,8.54,1.99,Standing
13,937342296000,-5.18,8.28,1.23,Standing
13,937392284000,-4.86,7.97,0.34,Standing
13,937442302000,-5.33,8.24,0.11,Standing
13,937492290000,-4.94,8.54,0.72,Standing
13,937542308000,-5.01,8.73,0.15,Standing
13,937592266000,-5.18,8.28,-0.11,Standing
13,937642314000,-4.71,8.47,-0.46,Standing
13,937692272000,-4.48,8.47,-0.46,Standing
13,937742290000,-4.9,8.96,-0.19,Standing
13,937792278000,-4.4,8.69,-0.04,Standing
13,937842266000,-4.37,8.66,-0.19,Standing
13,937892284000,-4.63,8.85,-0.27,Standing
13,937942302000,-4.56,8.5,-0.3,Standing
13,937992259000,-4.82,8.24,-0.42,Standing
13,938042308000,-4.56,8.54,-0.65,Standing
13,938092296000,-3.6,7.82,-0.5,Standing
13,938142284000,-4.1,10.42,-0.11,Standing
13,938192302000,-6.17,9.62,-1.99,Standing
13,938242290000,-3.98,7.67,-0.53,Standing
13,938292278000,-2.91,9.38,-0.61,Standing
13,938342266000,-3.87,10.12,-0.38,Standing
