timestamp,accX,accY,accZ,class
76280.0,1952,2374,1916,stairs
76281.0,1954,2370,1914,stairs
76282.0,1961,2372,1910,stairs
76283.0,1962,2371,1915,stairs
76284.0,1957,2374,1913,stairs
76285.0,1958,2372,1918,stairs
76286.0,1957,2372,1912,stairs
76287.0,1958,2369,1918,stairs
76288.0,1954,2369,1915,stairs
76289.0,1956,2371,1914,stairs
76290.0,1956,2373,1909,stairs
76291.0,1958,2373,1912,stairs
76292.0,1958,2372,1915,stairs
76293.0,1956,2375,1916,stairs
76294.0,1964,2373,1912,stairs
76295.0,1954,2374,1912,stairs
76296.0,1956,2373,1913,stairs
76297.0,1953,2373,1914,stairs
76298.0,1957,2366,1918,stairs
76299.0,1953,2374,1914,stairs
76300.0,1956,2369,1921,stairs
76301.0,1953,2371,1911,stairs
76302.0,1954,2375,1909,stairs
76303.0,1955,2370,1912,stairs
76304.0,1957,2374,1917,stairs
76305.0,1957,2370,1915,stairs
76306.0,1957,2370,1914,stairs
76307.0,1956,2372,1914,stairs
76308.0,1958,2375,1921,stairs
76309.0,1962,2373,1914,stairs
76310.0,1962,2372,1919,stairs
76311.0,1959,2369,1927,stairs
76312.0,1957,2372,1920,stairs
76313.0,1958,2375,1912,stairs
76314.0,1960,2375,1910,stairs
76315.0,1955,2370,1917,stairs
76316.0,1955,2373,1914,stairs
76317.0,1961,2370,1915,stairs
76318.0,1954,2372,1923,stairs
76319.0,1956,2372,1916,stairs
76320.0,1954,2367,1920,stairs
76321.0,1951,2377,1918,stairs
76322.0,1960,2375,1919,stairs
76323.0,1959,2371,1918,stairs
76324.0,1961,2371,1917,stairs
76325.0,1955,2371,1919,stairs
76326.0,1954,2375,1915,stairs
76327.0,1960,2371,1917,stairs
76328.0,1958,2377,1918,stairs
76329.0,1957,2374,1915,stairs
76330.0,1956,2365,1913,stairs
76331.0,1955,2367,1911,stairs
76332.0,1955,2368,1913,stairs
76333.0,1955,2370,1914,stairs
76334.0,1957,2371,1916,stairs
76335.0,1960,2371,1917,stairs
76336.0,1958,2369,1915,stairs
76337.0,1961,2366,1914,stairs
76338.0,1959,2367,1916,stairs
76339.0,1956,2369,1915,stairs
76340.0,1954,2369,1925,stairs
76341.0,1959,2371,1920,stairs
76342.0,1961,2369,1916,stairs
76343.0,1952,2374,1913,stairs
76344.0,1959,2373,1918,stairs
76345.0,1959,2374,1920,stairs
76346.0,1960,2370,1917,stairs
76347.0,1955,2368,1916,stairs
76348.0,1952,2376,1911,stairs
76349.0,1956,2363,1912,stairs
76350.0,1951,2371,1917,stairs
76351.0,1956,2373,1915,stairs
76352.0,1956,2373,1919,stairs
76353.0,1956,2365,1917,stairs
76354.0,1956,2372,1914,stairs
76355.0,1951,2372,1916,stairs
76356.0,1960,2370,1912,stairs
76357.0,1962,2370,1923,stairs
76358.0,1958,2373,1919,stairs
76359.0,1954,2373,1917,stairs
76360.0,1958,2369,1922,stairs
76361.0,1955,2369,1919,stairs
76362.0,1959,2373,1923,stairs
76363.0,1959,2375,1919,stairs
76364.0,1956,2374,1922,stairs
76365.0,1956,2375,1920,stairs
76366.0,1955,2376,1923,stairs
76367.0,1956,2372,1917,stairs
76368.0,1957,2373,1915,stairs
76369.0,1956,2375,1917,stairs
76370.0,1958,2372,1922,stairs
76371.0,1958,2377,1922,stairs
76372.0,1960,2375,1921,stairs
76373.0,1960,2377,1929,stairs
76374.0,1959,2377,1926,stairs
76375.0,1960,2376,1917,stairs
76376.0,1953,2377,1922,stairs
76377.0,1956,2375,1927,stairs
76378.0,1957,2372,1925,stairs
76379.0,1960,2371,1923,stairs
76380.0,1959,2371,1919,stairs
76381.0,1961,2370,1920,stairs
76382.0,1952,2371,1923,stairs
76383.0,1957,2375,1927,stairs
76384.0,1956,2378,1921,stairs
76385.0,1954,2369,1918,stairs
76386.0,1955,2372,1913,stairs
76387.0,1957,2373,1914,stairs
76388.0,1951,2374,1917,stairs
76389.0,1961,2375,1920,stairs
76390.0,1955,2376,1924,stairs
76391.0,1958,2371,1917,stairs
76392.0,1960,2370,1924,stairs
76393.0,1957,2367,1919,stairs
76394.0,1952,2370,1925,stairs
76395.0,1951,2375,1919,stairs
76396.0,1952,2373,1922,stairs
76397.0,1959,2376,1918,stairs
76398.0,1956,2368,1923,stairs
76399.0,1956,2367,1923,stairs
76400.0,1958,2372,1921,stairs
76401.0,1957,2374,1923,stairs
76402.0,1952,2369,1924,stairs
76403.0,1955,2372,1922,stairs
76404.0,1958,2369,1918,stairs
76405.0,1951,2376,1931,stairs
76406.0,1957,2373,1919,stairs
76407.0,1954,2378,1915,stairs
76408.0,1955,2374,1916,stairs
76409.0,1956,2366,1921,stairs
76410.0,1954,2365,1919,stairs
76411.0,1957,2374,1920,stairs
76412.0,1955,2371,1924,stairs
76413.0,1952,2375,1924,stairs
76414.0,1955,2376,1918,stairs
76415.0,1958,2374,1924,stairs
76416.0,1961,2375,1924,stairs
76417.0,1957,2368,1920,stairs
76418.0,1952,2370,1921,stairs
76419.0,1949,2372,1923,stairs
76420.0,1957,2375,1923,stairs
76421.0,1956,2372,1921,stairs
76422.0,1959,2374,1921,stairs
76423.0,1957,2367,1920,stairs
76424.0,1954,2373,1922,stairs
76425.0,1958,2371,1916,stairs
76426.0,1953,2373,1920,stairs
76427.0,1946,2374,1921,stairs
76428.0,1958,2372,1924,stairs
76429.0,1961,2370,1921,stairs
76430.0,1955,2371,1925,stairs
76431.0,1957,2374,1919,stairs
76432.0,1953,2373,1918,stairs
76433.0,1951,2371,1919,stairs
76434.0,1952,2378,1922,stairs
76435.0,1957,2373,1922,stairs
76436.0,1955,2370,1928,stairs
76437.0,1950,2371,1918,stairs
76438.0,1952,2377,1916,stairs
76439.0,1958,2376,1917,stairs
76440.0,1955,2375,1922,stairs
76441.0,1957,2369,1919,stairs
76442.0,1953,2375,1914,stairs
76443.0,1956,2375,1914,stairs
76444.0,1949,2374,1928,stairs
76445.0,1958,2373,1923,stairs
76446.0,1955,2370,1923,stairs
76447.0,1957,2372,1918,stairs
76448.0,1959,2377,1921,stairs
76449.0,1961,2370,1918,stairs
76450.0,1958,2370,1915,stairs
76451.0,1958,2375,1917,stairs
76452.0,1963,2376,1922,stairs
76453.0,1955,2374,1921,stairs
76454.0,1961,2376,1924,stairs
76455.0,1959,2376,1921,stairs
76456.0,1953,2370,1920,stairs
76457.0,1952,2368,1922,stairs
76458.0,1955,2366,1924,stairs
76459.0,1964,2374,1923,stairs
76460.0,1954,2373,1919,stairs
76461.0,1964,2373,1925,stairs
76462.0,1953,2374,1916,stairs
76463.0,1950,2377,1920,stairs
76464.0,1958,2371,1912,stairs
76465.0,1956,2372,1922,stairs
76466.0,1957,2369,1926,stairs
76467.0,1953,2377,1922,stairs
76468.0,1953,2373,1917,stairs
76469.0,1948,2369,1916,stairs
76470.0,1955,2376,1923,stairs
76471.0,1959,2371,1923,stairs
76472.0,1957,2370,1919,stairs
76473.0,1957,2372,1922,stairs
76474.0,1952,2371,1924,stairs
76475.0,1957,2371,1923,stairs
76476.0,1954,2370,1927,stairs
76477.0,1955,2374,1920,stairs
76478.0,1957,2376,1920,stairs
76479.0,1958,2369,1919,stairs
76480.0,1951,2375,1915,stairs
76481.0,1957,2376,1918,stairs
76482.0,1960,2371,1919,stairs
76483.0,1952,2377,1927,stairs
76484.0,1960,2371,1923,stairs
76485.0,1958,2372,1923,stairs
76486.0,1961,2370,1918,stairs
76487.0,1951,2376,1921,stairs
76488.0,1960,2376,1923,stairs
76489.0,1955,2373,1921,stairs
76490.0,1952,2371,1921,stairs
76491.0,1958,2375,1921,stairs
76492.0,1957,2374,1926,stairs
76493.0,1960,2373,1925,stairs
76494.0,1957,2377,1922,stairs
76495.0,1957,2373,1922,stairs
76496.0,1958,2375,1922,stairs
76497.0,1952,2370,1922,stairs
76498.0,1962,2376,1923,stairs
76499.0,1954,2372,1922,stairs
76500.0,1960,2381,1922,stairs
76501.0,1958,2380,1924,stairs
76502.0,1956,2379,1926,stairs
76503.0,1956,2376,1926,stairs
76504.0,1957,2373,1926,stairs
76505.0,1957,2374,1927,stairs
76506.0,1956,2374,1927,stairs
76507.0,1953,2373,1925,stairs
76508.0,1955,2365,1925,stairs
76509.0,1955,2371,1927,stairs
76510.0,1961,2375,1921,stairs
76511.0,1958,2373,1916,stairs
76512.0,1959,2371,1925,stairs
76513.0,1954,2374,1924,stairs
76514.0,1959,2376,1927,stairs
76515.0,1955,2381,1923,stairs
76516.0,1958,2375,1926,stairs
76517.0,1958,2377,1923,stairs
76518.0,1953,2373,1929,stairs
76519.0,1956,2371,1924,stairs
76520.0,1952,2369,1926,stairs
76521.0,1953,2374,1926,stairs
76522.0,1955,2373,1920,stairs
76523.0,1955,2372,1929,stairs
76524.0,1958,2373,1916,stairs
76525.0,1959,2376,1919,stairs
76526.0,1961,2370,1930,stairs
76527.0,1957,2374,1935,stairs
76528.0,1959,2372,1924,stairs
76529.0,1954,2376,1916,stairs
76530.0,1954,2374,1924,stairs
76531.0,1956,2372,1926,stairs
76532.0,1955,2373,1928,stairs
76533.0,1960,2372,1915,stairs
76534.0,1952,2373,1920,stairs
76535.0,1955,2369,1926,stairs
76536.0,1958,2372,1920,stairs
76537.0,1955,2375,1929,stairs
76538.0,1952,2373,1919,stairs
76539.0,1953,2370,1918,stairs
76540.0,1955,2371,1916,stairs
76541.0,1953,2374,1920,stairs
76542.0,1953,2377,1920,stairs
76543.0,1959,2373,1914,stairs
76544.0,1952,2374,1926,stairs
76545.0,1956,2373,1922,stairs
76546.0,1954,2371,1920,stairs
76547.0,1959,2366,1922,stairs
76548.0,1955,2371,1928,stairs
76549.0,1954,2372,1919,stairs
76550.0,1954,2373,1916,stairs
76551.0,1950,2375,1921,stairs
76552.0,1948,2377,1919,stairs
76553.0,1951,2372,1924,stairs
76554.0,1957,2375,1928,stairs
76555.0,1957,2373,1919,stairs
76556.0,1956,2372,1924,stairs
76557.0,1954,2368,1920,stairs
76558.0,1948,2372,1923,stairs
76559.0,1954,2374,1924,stairs
76560.0,1955,2372,1922,stairs
76561.0,1959,2373,1918,stairs
76562.0,1952,2373,1916,stairs
76563.0,1950,2378,1926,stairs
76564.0,1951,2372,1922,stairs
76565.0,1951,2371,1913,stairs
76566.0,1952,2373,1914,stairs
76567.0,1950,2370,1917,stairs
76568.0,1956,2375,1925,stairs
76569.0,1960,2373,1919,stairs
76570.0,1952,2375,1918,stairs
76571.0,1952,2373,1917,stairs
76572.0,1953,2376,1920,stairs
76573.0,1954,2374,1924,stairs
76574.0,1950,2366,1919,stairs
76575.0,1949,2370,1916,stairs
76576.0,1953,2368,1922,stairs
76577.0,1951,2374,1922,stairs
76578.0,1958,2375,1924,stairs
76579.0,1952,2374,1922,stairs
76580.0,1951,2373,1919,stairs
76581.0,1953,2374,1922,stairs
76582.0,1957,2373,1925,stairs
76583.0,1952,2370,1924,stairs
76584.0,1954,2376,1920,stairs
76585.0,1955,2374,1919,stairs
76586.0,1957,2375,1921,stairs
76587.0,1952,2373,1920,stairs
76588.0,1959,2370,1923,stairs
76589.0,1953,2372,1924,stairs
76590.0,1955,2373,1921,stairs
76591.0,1952,2370,1922,stairs
76592.0,1958,2371,1922,stairs
76593.0,1954,2377,1917,stairs
76594.0,1954,2371,1919,stairs
76595.0,1953,2372,1923,stairs
76596.0,1953,2372,1924,stairs
76597.0,1953,2370,1926,stairs
76598.0,1954,2373,1926,stairs
76599.0,1959,2371,1918,stairs
76600.0,1961,2371,1928,stairs
76601.0,1959,2378,1926,stairs
76602.0,1955,2374,1928,stairs
76603.0,1953,2374,1920,stairs
76604.0,1953,2380,1919,stairs
76605.0,1947,2370,1921,stairs
76606.0,1955,2373,1918,stairs
76607.0,1955,2372,1921,stairs
76608.0,1955,2375,1925,stairs
76609.0,1956,2376,1920,stairs
76610.0,1953,2371,1920,stairs
76611.0,1954,2367,1922,stairs
76612.0,1949,2371,1919,stairs
76613.0,1952,2371,1918,stairs
76614.0,1953,2374,1921,stairs
76615.0,1958,2374,1918,stairs
76616.0,1951,2364,1915,stairs
76617.0,1949,2374,1916,stairs
76618.0,1945,2378,1916,stairs
76619.0,1956,2376,1912,stairs
76620.0,1961,2376,1921,stairs
76621.0,1958,2373,1924,stairs
76622.0,1950,2371,1918,stairs
76623.0,1961,2375,1920,stairs
76624.0,1960,2374,1918,stairs
76625.0,1957,2372,1917,stairs
76626.0,1955,2371,1921,stairs
76627.0,1963,2376,1920,stairs
76628.0,1962,2369,1917,stairs
76629.0,1955,2374,1917,stairs
76630.0,1957,2370,1923,stairs
76631.0,1958,2369,1922,stairs
76632.0,1962,2371,1914,stairs
76633.0,1952,2371,1915,stairs
76634.0,1962,2373,1918,stairs
76635.0,1959,2376,1923,stairs
76636.0,1955,2372,1917,stairs
76637.0,1960,2368,1908,stairs
76638.0,1956,2371,1913,stairs
76639.0,1948,2378,1921,stairs
76640.0,1951,2373,1921,stairs
76641.0,1954,2373,1918,stairs
76642.0,1951,2363,1916,stairs
76643.0,1958,2367,1916,stairs
76644.0,1960,2373,1914,stairs
76645.0,1952,2375,1909,stairs
76646.0,1958,2372,1908,stairs
76647.0,1957,2372,1915,stairs
76648.0,1957,2370,1911,stairs
76649.0,1961,2371,1918,stairs
76650.0,1952,2371,1919,stairs
76651.0,1960,2373,1915,stairs
76652.0,1956,2371,1914,stairs
76653.0,1963,2368,1910,stairs
76654.0,1955,2368,1916,stairs
76655.0,1956,2371,1915,stairs
76656.0,1952,2364,1911,stairs
76657.0,1962,2371,1915,stairs
76658.0,1962,2372,1915,stairs
76659.0,1957,2372,1912,stairs
76660.0,1957,2369,1912,stairs
76661.0,1955,2370,1912,stairs
76662.0,1963,2373,1915,stairs
76663.0,1954,2371,1920,stairs
76664.0,1963,2372,1912,stairs
76665.0,1955,2371,1913,stairs
76666.0,1959,2368,1915,stairs
76667.0,1963,2370,1909,stairs
76668.0,1958,2375,1918,stairs
76669.0,1957,2373,1914,stairs
76670.0,1957,2371,1905,stairs
76671.0,1957,2372,1908,stairs
76672.0,1958,2371,1912,stairs
76673.0,1967,2372,1914,stairs
76674.0,1959,2367,1915,stairs
76675.0,1961,2373,1915,stairs
76676.0,1959,2371,1919,stairs
76677.0,1961,2375,1922,stairs
76678.0,1963,2370,1913,stairs
76679.0,1964,2372,1913,stairs
76680.0,1959,2369,1918,stairs
76681.0,1965,2369,1922,stairs
76682.0,1959,2371,1919,stairs
76683.0,1963,2378,1917,stairs
76684.0,1962,2376,1914,stairs
76685.0,1961,2371,1908,stairs
76686.0,1963,2372,1915,stairs
76687.0,1954,2371,1918,stairs
76688.0,1956,2369,1915,stairs
76689.0,1958,2370,1914,stairs
76690.0,1957,2373,1912,stairs
76691.0,1953,2370,1917,stairs
76692.0,1956,2370,1914,stairs
76693.0,1956,2372,1918,stairs
76694.0,1960,2373,1918,stairs
76695.0,1962,2372,1915,stairs
76696.0,1964,2372,1918,stairs
76697.0,1957,2374,1912,stairs
76698.0,1953,2372,1920,stairs
76699.0,1955,2366,1917,stairs
76700.0,1959,2366,1912,stairs
76701.0,1958,2369,1915,stairs
76702.0,1955,2372,1915,stairs
76703.0,1958,2375,1915,stairs
76704.0,1959,2373,1915,stairs
76705.0,1957,2370,1919,stairs
76706.0,1959,2378,1916,stairs
76707.0,1958,2369,1918,stairs
76708.0,1959,2374,1920,stairs
76709.0,1964,2369,1919,stairs
76710.0,1963,2372,1919,stairs
76711.0,1962,2372,1914,stairs
76712.0,1959,2370,1923,stairs
76713.0,1962,2379,1924,stairs
76714.0,1961,2373,1921,stairs
76715.0,1955,2369,1914,stairs
76716.0,1965,2377,1915,stairs
76717.0,1960,2368,1916,stairs
76718.0,1957,2375,1921,stairs
76719.0,1964,2375,1925,stairs
76720.0,1959,2373,1921,stairs
76721.0,1961,2372,1911,stairs
76722.0,1961,2376,1919,stairs
76723.0,1961,2373,1921,stairs
76724.0,1961,2374,1919,stairs
76725.0,1963,2372,1922,stairs
76726.0,1963,2377,1917,stairs
76727.0,1959,2374,1918,stairs
76728.0,1959,2366,1917,stairs
76729.0,1959,2370,1923,stairs
76730.0,1961,2371,1920,stairs
76731.0,1961,2375,1921,stairs
76732.0,1959,2372,1918,stairs
76733.0,1956,2368,1921,stairs
76734.0,1955,2373,1918,stairs
76735.0,1957,2373,1921,stairs
76736.0,1962,2374,1918,stairs
76737.0,1957,2369,1920,stairs
76738.0,1959,2372,1922,stairs
76739.0,1960,2373,1923,stairs
76740.0,1960,2371,1924,stairs
76741.0,1960,2372,1919,stairs
76742.0,1959,2372,1920,stairs
76743.0,1961,2376,1915,stairs
76744.0,1959,2375,1923,stairs
76745.0,1963,2374,1915,stairs
76746.0,1961,2369,1915,stairs
76747.0,1961,2365,1921,stairs
76748.0,1957,2371,1919,stairs
76749.0,1960,2372,1923,stairs
76750.0,1959,2370,1913,stairs
76751.0,1955,2377,1917,stairs
76752.0,1959,2370,1925,stairs
76753.0,1962,2371,1918,stairs
76754.0,1960,2371,1921,stairs
76755.0,1959,2371,1920,stairs
76756.0,1959,2372,1923,stairs
76757.0,1958,2374,1919,stairs
76758.0,1959,2369,1923,stairs
76759.0,1955,2372,1920,stairs
76760.0,1968,2371,1917,stairs
76761.0,1959,2371,1912,stairs
76762.0,1955,2377,1917,stairs
76763.0,1962,2371,1918,stairs
76764.0,1961,2371,1922,stairs
76765.0,1955,2369,1917,stairs
76766.0,1954,2375,1920,stairs
76767.0,1959,2375,1923,stairs
76768.0,1962,2376,1919,stairs
76769.0,1955,2370,1915,stairs
76770.0,1956,2372,1914,stairs
76771.0,1960,2370,1913,stairs
76772.0,1955,2372,1918,stairs
76773.0,1960,2372,1923,stairs
76774.0,1957,2370,1914,stairs
76775.0,1961,2370,1914,stairs
76776.0,1952,2367,1914,stairs
76777.0,1957,2373,1914,stairs
76778.0,1958,2375,1922,stairs
76779.0,1951,2371,1911,stairs
76780.0,1957,2371,1911,stairs
76781.0,1957,2372,1912,stairs
76782.0,1958,2369,1926,stairs
76783.0,1962,2371,1922,stairs
76784.0,1955,2371,1915,stairs
76785.0,1962,2376,1916,stairs
76786.0,1952,2371,1911,stairs
76787.0,1955,2370,1915,stairs
76788.0,1958,2370,1915,stairs
76789.0,1965,2373,1911,stairs
76790.0,1956,2369,1913,stairs
76791.0,1957,2370,1917,stairs
76792.0,1949,2372,1917,stairs
76793.0,1956,2375,1921,stairs
76794.0,1961,2369,1916,stairs
76795.0,1960,2371,1922,stairs
76796.0,1961,2373,1914,stairs
76797.0,1957,2369,1911,stairs
76798.0,1951,2367,1910,stairs
76799.0,1956,2368,1913,stairs
76800.0,1965,2363,1909,stairs
76801.0,1955,2364,1914,stairs
76802.0,1957,2357,1912,stairs
76803.0,1949,2368,1910,stairs
76804.0,1942,2369,1903,stairs
76805.0,1948,2371,1905,stairs
76806.0,1953,2374,1907,stairs
76807.0,1951,2370,1901,stairs
76808.0,1947,2371,1897,stairs
76809.0,1953,2371,1902,stairs
76810.0,1953,2366,1906,stairs
76811.0,1954,2367,1902,stairs
76812.0,1959,2370,1907,stairs
76813.0,1952,2367,1903,stairs
76814.0,1962,2369,1899,stairs
76815.0,1952,2367,1890,stairs
76816.0,1955,2371,1911,stairs
76817.0,1961,2361,1911,stairs
76818.0,1949,2359,1915,stairs
76819.0,1955,2361,1906,stairs
76820.0,1957,2361,1906,stairs
76821.0,1960,2366,1912,stairs
76822.0,1963,2367,1908,stairs
76823.0,1968,2366,1916,stairs
76824.0,1962,2371,1913,stairs
76825.0,1973,2363,1913,stairs
76826.0,1978,2355,1926,stairs
76827.0,1978,2353,1910,stairs
76828.0,1976,2358,1913,stairs
76829.0,1985,2365,1921,stairs
76830.0,1991,2361,1899,stairs
76831.0,1983,2366,1896,stairs
76832.0,1986,2360,1888,stairs
76833.0,1974,2365,1888,stairs
76834.0,1974,2372,1886,stairs
76835.0,1981,2385,1875,stairs
76836.0,1967,2388,1878,stairs
76837.0,1974,2381,1876,stairs
76838.0,1969,2383,1889,stairs
76839.0,1982,2373,1886,stairs
76840.0,2021,2385,1903,stairs
76841.0,2023,2389,1901,stairs
76842.0,2024,2393,1902,stairs
76843.0,2025,2395,1902,stairs
76844.0,2026,2397,1899,stairs
76845.0,2025,2397,1897,stairs
76846.0,2023,2398,1900,stairs
76847.0,2021,2393,1895,stairs
76848.0,2023,2392,1894,stairs
76849.0,2015,2389,1902,stairs
76850.0,2008,2399,1908,stairs
76851.0,2010,2418,1926,stairs
76852.0,2000,2430,1924,stairs
76853.0,1993,2434,1916,stairs
76854.0,1993,2430,1917,stairs
76855.0,1987,2423,1936,stairs
76856.0,1975,2390,1959,stairs
76857.0,1964,2350,1969,stairs
76858.0,1955,2322,1977,stairs
76859.0,1936,2324,1988,stairs
76860.0,1947,2353,2008,stairs
76861.0,1886,2348,1984,stairs
76862.0,1927,2386,1977,stairs
76863.0,1965,2410,1954,stairs
76864.0,1978,2399,1939,stairs
76865.0,1983,2373,1923,stairs
76866.0,1954,2339,1910,stairs
76867.0,1940,2324,1914,stairs
76868.0,1933,2315,1928,stairs
76869.0,1927,2310,1941,stairs
76870.0,1920,2313,1959,stairs
76871.0,1924,2322,1964,stairs
76872.0,1929,2345,1966,stairs
76873.0,1934,2358,1967,stairs
76874.0,1934,2378,1969,stairs
76875.0,1924,2395,1978,stairs
76876.0,1920,2424,1984,stairs
76877.0,1935,2426,1985,stairs
76878.0,1938,2421,2000,stairs
76879.0,1937,2444,2024,stairs
76880.0,1938,2470,2058,stairs
76881.0,1932,2498,2081,stairs
76882.0,1968,2443,2087,stairs
76883.0,2007,2391,2051,stairs
76884.0,2023,2357,2085,stairs
76885.0,2062,2342,2058,stairs
76886.0,2059,2390,2039,stairs
76887.0,2022,2427,2014,stairs
76888.0,1952,2418,2018,stairs
76889.0,1899,2418,1958,stairs
76890.0,1892,2425,1991,stairs
76891.0,1904,2447,2023,stairs
76892.0,1948,2468,2040,stairs
76893.0,1995,2459,2022,stairs
76894.0,2053,2451,1986,stairs
76895.0,2174,2484,1916,stairs
76896.0,2023,2512,1969,stairs
76897.0,1952,2539,1990,stairs
76898.0,1933,2543,1990,stairs
76899.0,1949,2521,2010,stairs
76900.0,1945,2442,2072,stairs
76901.0,1929,2374,2080,stairs
76902.0,1932,2290,2013,stairs
76903.0,1957,2183,2023,stairs
76904.0,2000,2132,2063,stairs
76905.0,2020,2160,2121,stairs
76906.0,2016,2285,2160,stairs
76907.0,1983,2427,2213,stairs
76908.0,1925,2507,2291,stairs
76909.0,1863,2562,2274,stairs
76910.0,1863,2581,2211,stairs
76911.0,1890,2660,2094,stairs
76912.0,1938,2674,1950,stairs
76913.0,1964,2619,1871,stairs
76914.0,1888,2530,1956,stairs
76915.0,1912,2513,2058,stairs
76916.0,1943,2421,2175,stairs
76917.0,2025,2343,2229,stairs
76918.0,2035,2303,2176,stairs
76919.0,2049,2271,2151,stairs
76920.0,2065,2235,2158,stairs
76921.0,2043,2209,2139,stairs
76922.0,2041,2161,2111,stairs
76923.0,2043,2121,2077,stairs
76924.0,2043,2091,2085,stairs
76925.0,2054,2105,2093,stairs
76926.0,2140,2313,2090,stairs
76927.0,2155,2411,2080,stairs
76928.0,1927,2487,2086,stairs
76929.0,1876,2607,2190,stairs
76930.0,1780,2530,2213,stairs
76931.0,1909,2557,2131,stairs
76932.0,2027,2598,2054,stairs
76933.0,2016,2555,2029,stairs
76934.0,2011,2538,2029,stairs
76935.0,1964,2479,2083,stairs
76936.0,1963,2439,2075,stairs
76937.0,1929,2383,2061,stairs
76938.0,1911,2331,2057,stairs
76939.0,1938,2263,2060,stairs
76940.0,1975,2169,2085,stairs
76941.0,1997,2143,2107,stairs
76942.0,1985,2088,2094,stairs
76943.0,1972,2050,2067,stairs
76944.0,1943,2033,2054,stairs
76945.0,1941,2085,2050,stairs
76946.0,1960,2279,2081,stairs
76947.0,1909,2639,2277,stairs
76948.0,1882,2465,2527,stairs
76949.0,1832,2538,2226,stairs
76950.0,1807,2600,2071,stairs
76951.0,1810,2637,1975,stairs
76952.0,1902,2611,1880,stairs
76953.0,1853,2598,1934,stairs
76954.0,1828,2634,2024,stairs
76955.0,1843,2575,2093,stairs
76956.0,1887,2505,2106,stairs
76957.0,1937,2445,2111,stairs
76958.0,1966,2363,2185,stairs
76959.0,2008,2325,2195,stairs
76960.0,1978,2239,2156,stairs
76961.0,1927,2218,2050,stairs
76962.0,1959,2203,1996,stairs
76963.0,1965,2185,2091,stairs
76964.0,1992,2200,2126,stairs
76965.0,2013,2185,2150,stairs
76966.0,2006,2170,2131,stairs
76967.0,2008,2204,2138,stairs
76968.0,2058,2316,2177,stairs
76969.0,2123,2401,2237,stairs
76970.0,2067,2337,2235,stairs
76971.0,1937,2456,2117,stairs
76972.0,1850,2485,2043,stairs
76973.0,1830,2563,1976,stairs
76974.0,1877,2510,1935,stairs
76975.0,1922,2516,2003,stairs
76976.0,1946,2500,2056,stairs
76977.0,1960,2527,2077,stairs
76978.0,1982,2477,2072,stairs
76979.0,1963,2440,2044,stairs
76980.0,1955,2417,2037,stairs
76981.0,1958,2376,2001,stairs
76982.0,1949,2311,1999,stairs
76983.0,1955,2279,1992,stairs
76984.0,1940,2238,1997,stairs
76985.0,1901,2209,2022,stairs
76986.0,1899,2183,2051,stairs
76987.0,1922,2156,2043,stairs
76988.0,1950,2158,2047,stairs
76989.0,1981,2155,2061,stairs
76990.0,1979,2180,2084,stairs
76991.0,1946,2263,2123,stairs
76992.0,1881,2392,2156,stairs
76993.0,1810,2491,2159,stairs
76994.0,1771,2557,2099,stairs
76995.0,1839,2548,2012,stairs
76996.0,1926,2570,1949,stairs
76997.0,1980,2599,1949,stairs
76998.0,1913,2574,1955,stairs
76999.0,1861,2535,1993,stairs
77000.0,1858,2463,2009,stairs
77001.0,1870,2397,1993,stairs
77002.0,1898,2365,2002,stairs
77003.0,1931,2333,2021,stairs
77004.0,1945,2296,2055,stairs
77005.0,1927,2272,2092,stairs
77006.0,1950,2239,2164,stairs
77007.0,1912,2220,2094,stairs
77008.0,1923,2273,2042,stairs
77009.0,1944,2280,2080,stairs
77010.0,1993,2480,2094,stairs
77011.0,1994,2482,2095,stairs
77012.0,1993,2483,2097,stairs
77013.0,1992,2486,2097,stairs
77014.0,1994,2491,2096,stairs
77015.0,1949,2510,2106,stairs
77016.0,1889,2526,2052,stairs
77017.0,1923,2544,2024,stairs
77018.0,1990,2543,2024,stairs
77019.0,2046,2497,2006,stairs
77020.0,2057,2473,2016,stairs
77021.0,1988,2458,2027,stairs
77022.0,1956,2454,2025,stairs
77023.0,1932,2465,2018,stairs
77024.0,1909,2486,1982,stairs
77025.0,1969,2497,1963,stairs
77026.0,1937,2429,1981,stairs
77027.0,1927,2380,2039,stairs
77028.0,1947,2343,2045,stairs
77029.0,1961,2328,2022,stairs
77030.0,1977,2283,1996,stairs
77031.0,1978,2252,2000,stairs
77032.0,1972,2229,2011,stairs
77033.0,1975,2217,2005,stairs
77034.0,1955,2219,2004,stairs
77035.0,1982,2198,2022,stairs
77036.0,2019,2215,2057,stairs
77037.0,2007,2320,2096,stairs
77038.0,1988,2412,2206,stairs
77039.0,1972,2412,2313,stairs
77040.0,1945,2390,2155,stairs
77041.0,1883,2409,2055,stairs
77042.0,1866,2424,2037,stairs
77043.0,1955,2422,2028,stairs
77044.0,2001,2446,2053,stairs
77045.0,1972,2470,2074,stairs
77046.0,1936,2473,2057,stairs
77047.0,1908,2471,2061,stairs
77048.0,1895,2482,2071,stairs
77049.0,1899,2487,2074,stairs
77050.0,1904,2489,2061,stairs
77051.0,1899,2525,2062,stairs
77052.0,1910,2532,2037,stairs
77053.0,1924,2514,1993,stairs
77054.0,1912,2496,2003,stairs
77055.0,1931,2481,2025,stairs
77056.0,1946,2463,2043,stairs
77057.0,1954,2435,2074,stairs
77058.0,1937,2399,2078,stairs
77059.0,1974,2376,2087,stairs
77060.0,1998,2340,2088,stairs
77061.0,2023,2303,2084,stairs
77062.0,1998,2281,2032,stairs
77063.0,1977,2252,2013,stairs
77064.0,1971,2242,2035,stairs
77065.0,1992,2241,2056,stairs
77066.0,2005,2243,2075,stairs
77067.0,1992,2247,2073,stairs
77068.0,1991,2284,2082,stairs
77069.0,2009,2321,2107,stairs
77070.0,1997,2374,2115,stairs
77071.0,1953,2375,2108,stairs
77072.0,1925,2442,2095,stairs
77073.0,1914,2475,2093,stairs
77074.0,1939,2471,2100,stairs
77075.0,1978,2435,2128,stairs
77076.0,1988,2445,2115,stairs
77077.0,1956,2466,2052,stairs
77078.0,1963,2481,2015,stairs
77079.0,1964,2464,2013,stairs
77080.0,1997,2495,2011,stairs
77081.0,1979,2479,1995,stairs
77082.0,1951,2490,1991,stairs
77083.0,1951,2497,1985,stairs
77084.0,1968,2479,1983,stairs
77085.0,1967,2455,1986,stairs
77086.0,1953,2430,1979,stairs
77087.0,1937,2399,1996,stairs
77088.0,1945,2363,2000,stairs
77089.0,1952,2349,2012,stairs
77090.0,1970,2340,2031,stairs
77091.0,1964,2317,2017,stairs
77092.0,1951,2278,2009,stairs
77093.0,1969,2253,2003,stairs
77094.0,1968,2216,2003,stairs
77095.0,1964,2170,2015,stairs
77096.0,1974,2148,2032,stairs
77097.0,1985,2159,2061,stairs
77098.0,1980,2217,2102,stairs
77099.0,1971,2342,2158,stairs
77100.0,1921,2413,2224,stairs
77101.0,1887,2396,2147,stairs
77102.0,1884,2388,2053,stairs
77103.0,1890,2430,2009,stairs
77104.0,1903,2483,1989,stairs
77105.0,1942,2498,1963,stairs
77106.0,1940,2502,1977,stairs
77107.0,1916,2510,1992,stairs
77108.0,1884,2507,1996,stairs
77109.0,1872,2500,2003,stairs
77110.0,1870,2508,1988,stairs
77111.0,1875,2499,1971,stairs
77112.0,1890,2499,1967,stairs
77113.0,1909,2505,1991,stairs
77114.0,1916,2476,2029,stairs
77115.0,1908,2461,2041,stairs
77116.0,1937,2407,2008,stairs
77117.0,1974,2355,2011,stairs
77118.0,1996,2299,2059,stairs
77119.0,1980,2243,2075,stairs
77120.0,1955,2242,2064,stairs
77121.0,1938,2259,2034,stairs
77122.0,1934,2268,2048,stairs
77123.0,1930,2283,2074,stairs
77124.0,1962,2285,2083,stairs
77125.0,1969,2322,2100,stairs
77126.0,1964,2347,2120,stairs
77127.0,1959,2361,2079,stairs
77128.0,1946,2364,2042,stairs
77129.0,1959,2367,2028,stairs
77130.0,1970,2377,2059,stairs
77131.0,1979,2377,2091,stairs
77132.0,1991,2384,2088,stairs
77133.0,1979,2404,2068,stairs
77134.0,1947,2426,2044,stairs
77135.0,1948,2443,2019,stairs
77136.0,1959,2458,2014,stairs
77137.0,1993,2474,2019,stairs
77138.0,2009,2466,2028,stairs
77139.0,2015,2463,2030,stairs
77140.0,2004,2472,2015,stairs
77141.0,1992,2468,2003,stairs
77142.0,1992,2448,1994,stairs
77143.0,1965,2436,2009,stairs
77144.0,1945,2437,2030,stairs
77145.0,1956,2404,2015,stairs
77146.0,1970,2402,2022,stairs
77147.0,1973,2387,2018,stairs
77148.0,1981,2372,2008,stairs
77149.0,2008,2387,2012,stairs
77150.0,2010,2399,2023,stairs
77151.0,1988,2374,2021,stairs
77152.0,1964,2347,1986,stairs
77153.0,1946,2309,1964,stairs
77154.0,1963,2302,1983,stairs
77155.0,1977,2285,2008,stairs
77156.0,1969,2288,2035,stairs
77157.0,1981,2311,2055,stairs
77158.0,1975,2310,2079,stairs
77159.0,1949,2301,2093,stairs
77160.0,1911,2278,2086,stairs
77161.0,1901,2273,2073,stairs
77162.0,1928,2280,2066,stairs
77163.0,1947,2301,2079,stairs
77164.0,1975,2330,2075,stairs
77165.0,1988,2347,2058,stairs
77166.0,1959,2364,2059,stairs
77167.0,1922,2366,2050,stairs
77168.0,1897,2367,2049,stairs
77169.0,1907,2397,2031,stairs
77170.0,1902,2412,2011,stairs
77171.0,1896,2433,2001,stairs
77172.0,1893,2468,1981,stairs
77173.0,1883,2471,1975,stairs
77174.0,1877,2491,1970,stairs
77175.0,1878,2498,1942,stairs
77176.0,1872,2523,1918,stairs
77177.0,1875,2539,1931,stairs
77178.0,1875,2552,1958,stairs
77179.0,1862,2544,1968,stairs
77180.0,1891,2430,1964,stairs
77181.0,1896,2427,1964,stairs
77182.0,1910,2419,1961,stairs
77183.0,1959,2351,2033,stairs
77184.0,1974,2289,2058,stairs
77185.0,1959,2230,2076,stairs
77186.0,1956,2218,2099,stairs
77187.0,1974,2239,2086,stairs
77188.0,1973,2257,2068,stairs
77189.0,1979,2273,2094,stairs
77190.0,1985,2321,2114,stairs
77191.0,1992,2339,2148,stairs
77192.0,1982,2349,2118,stairs
77193.0,1960,2346,2077,stairs
77194.0,1979,2351,2075,stairs
77195.0,2005,2370,2104,stairs
77196.0,2028,2383,2159,stairs
77197.0,2034,2385,2140,stairs
77198.0,2008,2408,2108,stairs
77199.0,1982,2438,2098,stairs
77200.0,1969,2466,2079,stairs
77201.0,1993,2493,2079,stairs
77202.0,2008,2518,2072,stairs
77203.0,1982,2515,2057,stairs
77204.0,1970,2541,2027,stairs
77205.0,1938,2545,1999,stairs
77206.0,1959,2538,1978,stairs
77207.0,1964,2512,1981,stairs
77208.0,1949,2467,2005,stairs
77209.0,1941,2425,2031,stairs
77210.0,1951,2390,2027,stairs
77211.0,1941,2362,2012,stairs
77212.0,1953,2351,2018,stairs
77213.0,1961,2345,2035,stairs
77214.0,1963,2324,2022,stairs
77215.0,1968,2315,2005,stairs
77216.0,1971,2287,2009,stairs
77217.0,1964,2282,2011,stairs
77218.0,1967,2260,2007,stairs
77219.0,1978,2254,2024,stairs
77220.0,1989,2260,2053,stairs
77221.0,1987,2263,2069,stairs
77222.0,1967,2295,2093,stairs
77223.0,1924,2315,2131,stairs
77224.0,1887,2343,2118,stairs
77225.0,1897,2367,2077,stairs
77226.0,1926,2397,2072,stairs
77227.0,1928,2429,2042,stairs
77228.0,1895,2459,2026,stairs
77229.0,1873,2451,1990,stairs
77230.0,1858,2472,1979,stairs
77231.0,1886,2443,1950,stairs
77232.0,1897,2426,1949,stairs
77233.0,1917,2406,2016,stairs
77234.0,1942,2392,2021,stairs
77235.0,1959,2385,2002,stairs
77236.0,1959,2386,2005,stairs
77237.0,1987,2376,2074,stairs
77238.0,1990,2340,2140,stairs
77239.0,1891,2311,2132,stairs
77240.0,1894,2354,2004,stairs
77241.0,1886,2372,2016,stairs
77242.0,1910,2425,2103,stairs
77243.0,1943,2436,2092,stairs
77244.0,1942,2417,2079,stairs
77245.0,1979,2393,2103,stairs
77246.0,2015,2392,2124,stairs
77247.0,2011,2409,2170,stairs
77248.0,1961,2400,2140,stairs
77249.0,1932,2361,2069,stairs
77250.0,1971,2349,2061,stairs
77251.0,2021,2371,2114,stairs
77252.0,2021,2407,2150,stairs
77253.0,2022,2441,2150,stairs
77254.0,2003,2461,2080,stairs
77255.0,1961,2489,2008,stairs
77256.0,1936,2451,1974,stairs
77257.0,1942,2441,1982,stairs
77258.0,1938,2415,1959,stairs
77259.0,1927,2433,1958,stairs
77260.0,1933,2413,1970,stairs
77261.0,1938,2398,1995,stairs
77262.0,1936,2367,2012,stairs
77263.0,1975,2392,2045,stairs
77264.0,1980,2393,2051,stairs
77265.0,1998,2395,2035,stairs
77266.0,2023,2409,2017,stairs
77267.0,1991,2433,1987,stairs
77268.0,1987,2398,1963,stairs
77269.0,1947,2365,1983,stairs
77270.0,1941,2331,2011,stairs
77271.0,1954,2287,2031,stairs
77272.0,1991,2259,2060,stairs
77273.0,2015,2309,2083,stairs
77274.0,2016,2360,2127,stairs
77275.0,1992,2417,2199,stairs
77276.0,1968,2436,2227,stairs
77277.0,1909,2380,2107,stairs
77278.0,1890,2365,2009,stairs
77279.0,1891,2373,1961,stairs
77280.0,1902,2412,1961,stairs
77281.0,1909,2394,1978,stairs
77282.0,1926,2355,2009,stairs
77283.0,1954,2331,1989,stairs
77284.0,1930,2308,1942,stairs
77285.0,1934,2266,1923,stairs
77286.0,1928,2224,1942,stairs
77287.0,1920,2209,1997,stairs
77288.0,1923,2217,2080,stairs
77289.0,1944,2189,2091,stairs
77290.0,1934,2241,2082,stairs
77291.0,1948,2298,2081,stairs
77292.0,1960,2349,2062,stairs
77293.0,1943,2404,2042,stairs
77294.0,1937,2444,2018,stairs
77295.0,1921,2460,2030,stairs
77296.0,1938,2461,2038,stairs
77297.0,1940,2450,2052,stairs
77298.0,1954,2432,2050,stairs
77299.0,1943,2439,2053,stairs
77300.0,1919,2497,2088,stairs
77301.0,1930,2525,2127,stairs
77302.0,1901,2451,2038,stairs
77303.0,1887,2385,2053,stairs
77304.0,1927,2360,2108,stairs
77305.0,1980,2365,2129,stairs
77306.0,2006,2371,2130,stairs
77307.0,1998,2383,2135,stairs
77308.0,1971,2419,2100,stairs
77309.0,1935,2455,2052,stairs
77310.0,1955,2465,2006,stairs
77311.0,1949,2443,1982,stairs
77312.0,1964,2414,1951,stairs
77313.0,1942,2392,1979,stairs
77314.0,1921,2417,2014,stairs
77315.0,1948,2375,2065,stairs
77316.0,2022,2390,2152,stairs
77317.0,2026,2361,2090,stairs
77318.0,1991,2392,2021,stairs
77319.0,1944,2448,2004,stairs
77320.0,1958,2473,1993,stairs
77321.0,1963,2490,2012,stairs
77322.0,1954,2494,2041,stairs
77323.0,1958,2466,2039,stairs
77324.0,1960,2427,2015,stairs
77325.0,1937,2355,1999,stairs
77326.0,1940,2309,2044,stairs
77327.0,1949,2277,2100,stairs
77328.0,1966,2319,2143,stairs
77329.0,1978,2330,2183,stairs
77330.0,1960,2338,2186,stairs
77331.0,1910,2347,2143,stairs
77332.0,1847,2381,2116,stairs
77333.0,1798,2383,2146,stairs
77334.0,1816,2399,2131,stairs
77335.0,1908,2435,2081,stairs
77336.0,1947,2491,2034,stairs
77337.0,1939,2503,1962,stairs
77338.0,1920,2444,1920,stairs
77339.0,1884,2462,1995,stairs
77340.0,1862,2452,2049,stairs
77341.0,1894,2439,2100,stairs
77342.0,1931,2398,2161,stairs
77343.0,1965,2393,2191,stairs
77344.0,1984,2324,2212,stairs
77345.0,1935,2338,2205,stairs
77346.0,1926,2360,2007,stairs
77347.0,2010,2351,2027,stairs
77348.0,2021,2327,2174,stairs
77349.0,2009,2302,2155,stairs
77350.0,1919,2443,2017,stairs
77351.0,1918,2440,2017,stairs
77352.0,1919,2437,2019,stairs
77353.0,1918,2437,2019,stairs
77354.0,1917,2436,2018,stairs
77355.0,1915,2437,2017,stairs
77356.0,1912,2436,2018,stairs
77357.0,1874,2402,2011,stairs
77358.0,1917,2362,2009,stairs
77359.0,1946,2353,2088,stairs
77360.0,1965,2378,2097,stairs
77361.0,1950,2398,2053,stairs
77362.0,1956,2381,2004,stairs
77363.0,1957,2350,2016,stairs
77364.0,1961,2325,2027,stairs
77365.0,1958,2305,2031,stairs
77366.0,1948,2276,2029,stairs
77367.0,1975,2253,2045,stairs
77368.0,2009,2238,2090,stairs
77369.0,2024,2310,2107,stairs
77370.0,2016,2384,2163,stairs
77371.0,1958,2434,2260,stairs
77372.0,1883,2428,2195,stairs
77373.0,1837,2399,2101,stairs
77374.0,1821,2402,2044,stairs
77375.0,1835,2481,1999,stairs
77376.0,1906,2463,1970,stairs
77377.0,1979,2445,1955,stairs
77378.0,2002,2388,1950,stairs
77379.0,1989,2346,1940,stairs
77380.0,1962,2310,1986,stairs
77381.0,1954,2268,2024,stairs
77382.0,1939,2253,2097,stairs
77383.0,1958,2225,2086,stairs
77384.0,1963,2230,2080,stairs
77385.0,1975,2217,2096,stairs
77386.0,1949,2266,2099,stairs
77387.0,1924,2312,2026,stairs
77388.0,1901,2348,1979,stairs
77389.0,1914,2390,1968,stairs
77390.0,1939,2425,1996,stairs
77391.0,1969,2431,2055,stairs
77392.0,1982,2437,2067,stairs
77393.0,1955,2431,2019,stairs
77394.0,1945,2449,2004,stairs
77395.0,1958,2492,2108,stairs
77396.0,1923,2375,2073,stairs
77397.0,1893,2359,1980,stairs
77398.0,1958,2371,2076,stairs
77399.0,1979,2426,2096,stairs
77400.0,2018,2499,2083,stairs
77401.0,1995,2517,2060,stairs
77402.0,1947,2496,2040,stairs
77403.0,1916,2441,2035,stairs
77404.0,1932,2448,1985,stairs
77405.0,1942,2407,1925,stairs
77406.0,1936,2382,1924,stairs
77407.0,1895,2359,1921,stairs
77408.0,1955,2400,2123,stairs
77409.0,2067,2401,2254,stairs
77410.0,2079,2459,2061,stairs
77411.0,1958,2390,1921,stairs
77412.0,1879,2326,1939,stairs
77413.0,1941,2375,2060,stairs
77414.0,1999,2417,2221,stairs
77415.0,1992,2474,2076,stairs
77416.0,1982,2443,1981,stairs
77417.0,1964,2392,1978,stairs
77418.0,1941,2348,2037,stairs
77419.0,1943,2299,2100,stairs
77420.0,1974,2354,2162,stairs
77421.0,1949,2345,2215,stairs
77422.0,1923,2326,2173,stairs
77423.0,1905,2315,2127,stairs
77424.0,1858,2382,2152,stairs
77425.0,1822,2437,2174,stairs
77426.0,1840,2515,2180,stairs
77427.0,1951,2508,2074,stairs
77428.0,1946,2539,1926,stairs
77429.0,1985,2459,1971,stairs
77430.0,1932,2440,2123,stairs
77431.0,1926,2474,2146,stairs
77432.0,1949,2449,2149,stairs
77433.0,1973,2421,2124,stairs
77434.0,1999,2379,2098,stairs
77435.0,2003,2329,2147,stairs
77436.0,1983,2340,2178,stairs
77437.0,1978,2359,2139,stairs
77438.0,1983,2331,2159,stairs
77439.0,2002,2299,2167,stairs
77440.0,2035,2266,2172,stairs
77441.0,2059,2287,2189,stairs
77442.0,2099,2289,2170,stairs
77443.0,2062,2330,2146,stairs
77444.0,2019,2355,2087,stairs
77445.0,1973,2405,2088,stairs
77446.0,1926,2441,2078,stairs
77447.0,1908,2443,2061,stairs
77448.0,1866,2446,2031,stairs
77449.0,1890,2419,2031,stairs
77450.0,1940,2407,2046,stairs
77451.0,1955,2432,2065,stairs
77452.0,1985,2432,2051,stairs
77453.0,2009,2442,2034,stairs
77454.0,2026,2449,2019,stairs
77455.0,1948,2443,2038,stairs
77456.0,1951,2455,2057,stairs
77457.0,1961,2395,2050,stairs
77458.0,1940,2318,2063,stairs
77459.0,1935,2278,2071,stairs
77460.0,1930,2246,2046,stairs
77461.0,1918,2213,2055,stairs
77462.0,1941,2233,2081,stairs
77463.0,1988,2272,2111,stairs
77464.0,1947,2366,2190,stairs
77465.0,1802,2417,2179,stairs
77466.0,1782,2427,2068,stairs
77467.0,1823,2447,2019,stairs
77468.0,1876,2492,2015,stairs
77469.0,2016,2484,1979,stairs
77470.0,2045,2508,1999,stairs
77471.0,2017,2473,2058,stairs
77472.0,1903,2482,2085,stairs
77473.0,1905,2452,2034,stairs
77474.0,1891,2427,2006,stairs
77475.0,1921,2373,2033,stairs
77476.0,1967,2329,2121,stairs
77477.0,1960,2318,2125,stairs
77478.0,1950,2295,2101,stairs
77479.0,1971,2325,2083,stairs
77480.0,1984,2343,2116,stairs
77481.0,1993,2316,2149,stairs
77482.0,2033,2286,2164,stairs
77483.0,2057,2343,2181,stairs
77484.0,2059,2354,2184,stairs
77485.0,2027,2374,2123,stairs
77486.0,2026,2383,2041,stairs
77487.0,1999,2414,2057,stairs
77488.0,1978,2439,2061,stairs
77489.0,1989,2454,2052,stairs
77490.0,1953,2435,2022,stairs
77491.0,1959,2421,1999,stairs
77492.0,1901,2421,2009,stairs
77493.0,1937,2418,1972,stairs
77494.0,1978,2412,1992,stairs
77495.0,1991,2400,2024,stairs
77496.0,1974,2395,2043,stairs
77497.0,1929,2361,2062,stairs
77498.0,1940,2361,2059,stairs
77499.0,1989,2390,2059,stairs
77500.0,2034,2413,2041,stairs
77501.0,2000,2361,2019,stairs
77502.0,1962,2370,1989,stairs
77503.0,1929,2336,1981,stairs
77504.0,1894,2292,2026,stairs
77505.0,1932,2279,2055,stairs
77506.0,1970,2281,2095,stairs
77507.0,1965,2281,2129,stairs
77508.0,1938,2309,2152,stairs
77509.0,1897,2355,2146,stairs
77510.0,1870,2415,2120,stairs
77511.0,1852,2474,2082,stairs
77512.0,1893,2544,2042,stairs
77513.0,1957,2540,1973,stairs
77514.0,2046,2520,1917,stairs
77515.0,1947,2495,2011,stairs
77516.0,1909,2479,2068,stairs
77517.0,1925,2443,2075,stairs
77518.0,1938,2409,2071,stairs
77519.0,1945,2346,2069,stairs
77520.0,2007,2388,2219,stairs
77521.0,2009,2387,2215,stairs
77522.0,2011,2389,2212,stairs
77523.0,2012,2391,2212,stairs
77524.0,2012,2392,2212,stairs
77525.0,1967,2387,2199,stairs
77526.0,1956,2395,2127,stairs
77527.0,1982,2429,2068,stairs
77528.0,1994,2483,2107,stairs
77529.0,2018,2506,2123,stairs
77530.0,2011,2507,2075,stairs
77531.0,1940,2516,2023,stairs
77532.0,1887,2507,2016,stairs
77533.0,1905,2484,2014,stairs
77534.0,1949,2463,1989,stairs
77535.0,1971,2426,1984,stairs
77536.0,1957,2395,2005,stairs
77537.0,1924,2360,2036,stairs
77538.0,1933,2366,2066,stairs
77539.0,1984,2377,2102,stairs
77540.0,2001,2373,2101,stairs
77541.0,1973,2377,2056,stairs
77542.0,1964,2359,2003,stairs
77543.0,1935,2319,2006,stairs
77544.0,1910,2287,2042,stairs
77545.0,1918,2259,2046,stairs
77546.0,1915,2209,2048,stairs
77547.0,1936,2186,2049,stairs
77548.0,1964,2216,2095,stairs
77549.0,1979,2273,2143,stairs
77550.0,1952,2331,2196,stairs
77551.0,1872,2369,2197,stairs
77552.0,1799,2381,2161,stairs
77553.0,1808,2447,2097,stairs
77554.0,1867,2507,2053,stairs
77555.0,1905,2599,1990,stairs
77556.0,1961,2543,1887,stairs
77557.0,1922,2527,1956,stairs
77558.0,1875,2533,2035,stairs
77559.0,1874,2513,2056,stairs
77560.0,1888,2491,2058,stairs
77561.0,1908,2459,2060,stairs
77562.0,1944,2409,2053,stairs
77563.0,1992,2341,2064,stairs
77564.0,2011,2295,2141,stairs
77565.0,1951,2250,2134,stairs
77566.0,1941,2281,2057,stairs
77567.0,1923,2324,2057,stairs
77568.0,1964,2323,2131,stairs
77569.0,2007,2324,2165,stairs
77570.0,2025,2412,2188,stairs
77571.0,2017,2410,2179,stairs
77572.0,2008,2383,2142,stairs
77573.0,1998,2379,2025,stairs
77574.0,2006,2384,1977,stairs
77575.0,1993,2409,2063,stairs
77576.0,2018,2435,2028,stairs
77577.0,1978,2475,1992,stairs
77578.0,1960,2467,1983,stairs
77579.0,1955,2437,2005,stairs
77580.0,1996,2407,1992,stairs
77581.0,2022,2389,1986,stairs
77582.0,2015,2365,1981,stairs
77583.0,1982,2367,2008,stairs
77584.0,1959,2384,2056,stairs
77585.0,1941,2410,2038,stairs
77586.0,1925,2431,2008,stairs
77587.0,1937,2407,1971,stairs
77588.0,1946,2398,2010,stairs
77589.0,1977,2350,1990,stairs
77590.0,1961,2280,1974,stairs
77591.0,1934,2223,2001,stairs
77592.0,1939,2185,2028,stairs
77593.0,1949,2198,2078,stairs
77594.0,1963,2247,2101,stairs
77595.0,1973,2428,2134,stairs
77596.0,1913,2502,2278,stairs
77597.0,1855,2450,2299,stairs
77598.0,1846,2398,2079,stairs
77599.0,1835,2496,1944,stairs
77600.0,1885,2482,1838,stairs
77601.0,1966,2489,1853,stairs
77602.0,2041,2439,1968,stairs
77603.0,1951,2427,2005,stairs
77604.0,1917,2407,2036,stairs
77605.0,1931,2351,1997,stairs
77606.0,1925,2307,1949,stairs
77607.0,1913,2274,1967,stairs
77608.0,1942,2266,2043,stairs
77609.0,1979,2291,2132,stairs
77610.0,1939,2313,2150,stairs
77611.0,1919,2327,1990,stairs
77612.0,1899,2306,1932,stairs
77613.0,1911,2286,1931,stairs
77614.0,1944,2290,1978,stairs
77615.0,1954,2327,2060,stairs
77616.0,1939,2353,2065,stairs
77617.0,1991,2371,2050,stairs
77618.0,2003,2373,2042,stairs
77619.0,1978,2456,2079,stairs
77620.0,1983,2465,2150,stairs
77621.0,1956,2396,2027,stairs
77622.0,1914,2384,1984,stairs
77623.0,1961,2393,2070,stairs
77624.0,2001,2467,2110,stairs
77625.0,1993,2525,2158,stairs
77626.0,1988,2542,2078,stairs
77627.0,1963,2521,1961,stairs
77628.0,1943,2473,1919,stairs
77629.0,1917,2408,1862,stairs
77630.0,1959,2357,1898,stairs
77631.0,1987,2351,1984,stairs
77632.0,1972,2341,2037,stairs
77633.0,1953,2348,2070,stairs
77634.0,1945,2381,2098,stairs
77635.0,2031,2414,2121,stairs
77636.0,1995,2443,2027,stairs
77637.0,1955,2436,1958,stairs
77638.0,1946,2434,1986,stairs
77639.0,1988,2426,2001,stairs
77640.0,1983,2391,2004,stairs
77641.0,1977,2342,1999,stairs
77642.0,1963,2315,2000,stairs
77643.0,1957,2269,2046,stairs
77644.0,1963,2291,2085,stairs
77645.0,1941,2362,2141,stairs
77646.0,1909,2382,2209,stairs
77647.0,1886,2379,2211,stairs
77648.0,1855,2379,2125,stairs
77649.0,1803,2405,2105,stairs
77650.0,1817,2462,2097,stairs
77651.0,1882,2509,2078,stairs
77652.0,1931,2540,2043,stairs
77653.0,1958,2521,1984,stairs
77654.0,1940,2469,1906,stairs
77655.0,1902,2492,1988,stairs
77656.0,1909,2482,2049,stairs
77657.0,1954,2443,2064,stairs
77658.0,1978,2421,2138,stairs
77659.0,1995,2380,2149,stairs
77660.0,2011,2359,2165,stairs
77661.0,1974,2337,2162,stairs
77662.0,1876,2317,2112,stairs
77663.0,1937,2336,1965,stairs
77664.0,1995,2314,2067,stairs
77665.0,1993,2279,2105,stairs
77666.0,2010,2270,2111,stairs
77667.0,2023,2334,2145,stairs
77668.0,2038,2376,2165,stairs
77669.0,2019,2375,2144,stairs
77670.0,2008,2358,2087,stairs
77671.0,1962,2387,2015,stairs
77672.0,1925,2440,2003,stairs
77673.0,1931,2483,2072,stairs
77674.0,1961,2493,2055,stairs
77675.0,1961,2487,2018,stairs
77676.0,1927,2447,1980,stairs
77677.0,1968,2441,1934,stairs
77678.0,1955,2408,1930,stairs
77679.0,1950,2371,1951,stairs
77680.0,1911,2362,1990,stairs
77681.0,1899,2379,2064,stairs
77682.0,1956,2397,2101,stairs
77683.0,1975,2409,2071,stairs
77684.0,1967,2409,2034,stairs
77685.0,1981,2401,1980,stairs
77686.0,1972,2349,1951,stairs
77687.0,1944,2291,1980,stairs
77688.0,1944,2281,2022,stairs
77689.0,1955,2262,2036,stairs
77690.0,1967,2379,2127,stairs
77691.0,1968,2377,2128,stairs
77692.0,1951,2370,2145,stairs
77693.0,1901,2387,2186,stairs
77694.0,1859,2393,2104,stairs
77695.0,1818,2394,2042,stairs
77696.0,1829,2424,2023,stairs
77697.0,1884,2477,2020,stairs
77698.0,1947,2489,2030,stairs
77699.0,1972,2508,1997,stairs
77700.0,1974,2435,1940,stairs
77701.0,1967,2400,1927,stairs
77702.0,1930,2373,1954,stairs
77703.0,1920,2348,2006,stairs
77704.0,1910,2332,2034,stairs
77705.0,1937,2336,2051,stairs
77706.0,1973,2282,2066,stairs
77707.0,1979,2287,2139,stairs
77708.0,1932,2286,2127,stairs
77709.0,1922,2296,1985,stairs
77710.0,1912,2305,1983,stairs
77711.0,1939,2323,2031,stairs
77712.0,1970,2333,2077,stairs
77713.0,1976,2318,2054,stairs
77714.0,1962,2323,2058,stairs
77715.0,1955,2411,2152,stairs
77716.0,2005,2396,2191,stairs
77717.0,1982,2397,2079,stairs
77718.0,1950,2415,2047,stairs
77719.0,2001,2474,2083,stairs
77720.0,2081,2533,2116,stairs
77721.0,2008,2545,2075,stairs
77722.0,1903,2535,1993,stairs
77723.0,1813,2537,1978,stairs
77724.0,1873,2487,1926,stairs
77725.0,1950,2470,1958,stairs
77726.0,1966,2443,2019,stairs
77727.0,1955,2400,2039,stairs
77728.0,2033,2392,2075,stairs
77729.0,2059,2388,2111,stairs
77730.0,1959,2413,2066,stairs
77731.0,1919,2411,2013,stairs
77732.0,1973,2395,1997,stairs
77733.0,1987,2390,2025,stairs
77734.0,1969,2354,2051,stairs
77735.0,1954,2332,2035,stairs
77736.0,1924,2305,2002,stairs
77737.0,1930,2268,2023,stairs
77738.0,1942,2259,2081,stairs
77739.0,1956,2370,2123,stairs
77740.0,1938,2418,2227,stairs
77741.0,1924,2386,2234,stairs
77742.0,1864,2421,2119,stairs
77743.0,1805,2515,2101,stairs
77744.0,1800,2559,2138,stairs
77745.0,1943,2542,2082,stairs
77746.0,2019,2562,2015,stairs
77747.0,2011,2538,1943,stairs
77748.0,1974,2469,1934,stairs
77749.0,1938,2433,1974,stairs
77750.0,1943,2421,2055,stairs
77751.0,1967,2385,2166,stairs
77752.0,2035,2335,2214,stairs
77753.0,2007,2336,2193,stairs
77754.0,1930,2291,2149,stairs
77755.0,1945,2297,2026,stairs
77756.0,2024,2288,2025,stairs
77757.0,2036,2268,2060,stairs
77758.0,2017,2265,2100,stairs
77759.0,2031,2290,2147,stairs
77760.0,2068,2387,2238,stairs
77761.0,2072,2415,2217,stairs
77762.0,2040,2375,2131,stairs
77763.0,1952,2375,2022,stairs
77764.0,1910,2426,2060,stairs
77765.0,1951,2472,2084,stairs
77766.0,1943,2506,2049,stairs
77767.0,1908,2507,2010,stairs
77768.0,1913,2469,1974,stairs
77769.0,1975,2451,2003,stairs
77770.0,1996,2429,2030,stairs
77771.0,2004,2400,2014,stairs
77772.0,1964,2390,2030,stairs
77773.0,1928,2376,2056,stairs
77774.0,1928,2391,2046,stairs
77775.0,1970,2409,2029,stairs
77776.0,1952,2382,2039,stairs
77777.0,1947,2315,2021,stairs
77778.0,1909,2260,2004,stairs
77779.0,1901,2217,2013,stairs
77780.0,1926,2208,2051,stairs
77781.0,1951,2227,2087,stairs
77782.0,1962,2247,2142,stairs
77783.0,1899,2334,2144,stairs
77784.0,1851,2379,2070,stairs
77785.0,1859,2429,2035,stairs
77786.0,1834,2471,2055,stairs
77787.0,1893,2561,2036,stairs
77788.0,1962,2514,1932,stairs
77789.0,1980,2492,1988,stairs
77790.0,1921,2478,2053,stairs
77791.0,1905,2450,2076,stairs
77792.0,1910,2451,2062,stairs
77793.0,1923,2444,2011,stairs
77794.0,1943,2400,2035,stairs
77795.0,1977,2353,2057,stairs
77796.0,1967,2323,2077,stairs
77797.0,1952,2302,2064,stairs
77798.0,1926,2303,2063,stairs
77799.0,1944,2303,2101,stairs
77800.0,1982,2317,2126,stairs
77801.0,1997,2322,2119,stairs
77802.0,2051,2311,2143,stairs
77803.0,2063,2363,2172,stairs
77804.0,2100,2411,2194,stairs
77805.0,2074,2411,2113,stairs
77806.0,1995,2389,2019,stairs
77807.0,1963,2399,2028,stairs
77808.0,1989,2422,2108,stairs
77809.0,1994,2447,2113,stairs
77810.0,1997,2459,2073,stairs
77811.0,1921,2500,2037,stairs
77812.0,1926,2461,1951,stairs
77813.0,1969,2471,1927,stairs
77814.0,1999,2459,1982,stairs
77815.0,1991,2441,2027,stairs
77816.0,1986,2428,2051,stairs
77817.0,1975,2376,2025,stairs
77818.0,1936,2369,2013,stairs
77819.0,1917,2387,2076,stairs
77820.0,1983,2390,2069,stairs
77821.0,2002,2365,2046,stairs
77822.0,1973,2353,2004,stairs
77823.0,1957,2339,1991,stairs
77824.0,1953,2298,1989,stairs
77825.0,1953,2239,2015,stairs
77826.0,1947,2199,2058,stairs
77827.0,1959,2215,2099,stairs
77828.0,1947,2304,2171,stairs
77829.0,1922,2388,2127,stairs
77830.0,1927,2405,2021,stairs
77831.0,1846,2384,1996,stairs
77832.0,1808,2427,1991,stairs
77833.0,1873,2487,2040,stairs
77834.0,1935,2483,2006,stairs
77835.0,1952,2485,1988,stairs
77836.0,1949,2493,1967,stairs
77837.0,1920,2459,1983,stairs
77838.0,1919,2449,1991,stairs
77839.0,1914,2421,1979,stairs
77840.0,1930,2401,2028,stairs
77841.0,1954,2359,2072,stairs
77842.0,1966,2311,2077,stairs
77843.0,1961,2316,2078,stairs
77844.0,1947,2322,2062,stairs
77845.0,1971,2329,2080,stairs
77846.0,1976,2349,2068,stairs
77847.0,1974,2337,2083,stairs
77848.0,1985,2319,2104,stairs
77849.0,2007,2315,2117,stairs
77850.0,2025,2365,2161,stairs
77851.0,2027,2366,2139,stairs
77852.0,2016,2388,2045,stairs
77853.0,1988,2389,1986,stairs
77854.0,1986,2408,2069,stairs
77855.0,1964,2465,2115,stairs
77856.0,1967,2485,2063,stairs
77857.0,1991,2507,1974,stairs
77858.0,1904,2480,1980,stairs
77859.0,1935,2467,1931,stairs
77860.0,1960,2293,2014,stairs
77861.0,1961,2293,2016,stairs
77862.0,1958,2293,2015,stairs
77863.0,1960,2294,2017,stairs
77864.0,1959,2294,2018,stairs
77865.0,1960,2295,2018,stairs
77866.0,1960,2295,2017,stairs
77867.0,1953,2282,2022,stairs
77868.0,1961,2255,2035,stairs
77869.0,1983,2257,2062,stairs
77870.0,1971,2269,2093,stairs
77871.0,1937,2330,2137,stairs
77872.0,1906,2353,2135,stairs
77873.0,1879,2353,2068,stairs
77874.0,1847,2390,2074,stairs
77875.0,1863,2460,2063,stairs
77876.0,1915,2499,1999,stairs
77877.0,1923,2509,1976,stairs
77878.0,1957,2511,2017,stairs
77879.0,1906,2496,1972,stairs
77880.0,1910,2468,2103,stairs
77881.0,1860,2430,2109,stairs
77882.0,1864,2419,2046,stairs
77883.0,1904,2388,2032,stairs
77884.0,1961,2363,2110,stairs
77885.0,1999,2350,2111,stairs
77886.0,2030,2361,2112,stairs
77887.0,2003,2361,2102,stairs
77888.0,1982,2337,2078,stairs
77889.0,1948,2311,2079,stairs
77890.0,1947,2293,2095,stairs
77891.0,1956,2289,2109,stairs
77892.0,1984,2290,2158,stairs
77893.0,1989,2342,2190,stairs
77894.0,1989,2371,2188,stairs
77895.0,1978,2362,2092,stairs
77896.0,2035,2370,2083,stairs
77897.0,2038,2381,2093,stairs
77898.0,2006,2436,2137,stairs
77899.0,1970,2477,2101,stairs
77900.0,1974,2503,2021,stairs
77901.0,1949,2529,1975,stairs
77902.0,1937,2485,1958,stairs
77903.0,1923,2483,1965,stairs
77904.0,1935,2454,1976,stairs
77905.0,1925,2430,2005,stairs
77906.0,1924,2401,2027,stairs
77907.0,1950,2403,2095,stairs
77908.0,1970,2397,2035,stairs
77909.0,1970,2403,1988,stairs
77910.0,1987,2417,2003,stairs
77911.0,2003,2385,1991,stairs
77912.0,1983,2377,2006,stairs
77913.0,1937,2330,1962,stairs
77914.0,1932,2289,2006,stairs
77915.0,1940,2263,2045,stairs
77916.0,1960,2244,2056,stairs
77917.0,1975,2237,2075,stairs
77918.0,1974,2275,2098,stairs
77919.0,1955,2328,2146,stairs
77920.0,1890,2390,2198,stairs
77921.0,1881,2356,2051,stairs
77922.0,1896,2350,2021,stairs
77923.0,1893,2361,2054,stairs
77924.0,1911,2406,2051,stairs
77925.0,1925,2431,2028,stairs
77926.0,1927,2426,1981,stairs
77927.0,1913,2428,1931,stairs
77928.0,1926,2427,1981,stairs
77929.0,1933,2382,1978,stairs
77930.0,1929,2361,2002,stairs
77931.0,1936,2347,2022,stairs
77932.0,1945,2355,2026,stairs
77933.0,1964,2351,2012,stairs
77934.0,1985,2346,2065,stairs
77935.0,1956,2332,2118,stairs
77936.0,1907,2355,2053,stairs
77937.0,1919,2337,1977,stairs
77938.0,1908,2333,1989,stairs
77939.0,1910,2341,2010,stairs
77940.0,1931,2344,2046,stairs
77941.0,1960,2340,2058,stairs
77942.0,1965,2397,2117,stairs
77943.0,1965,2412,2183,stairs
77944.0,1898,2391,2088,stairs
77945.0,1911,2369,2039,stairs
77946.0,1997,2390,2054,stairs
77947.0,2035,2430,2095,stairs
77948.0,2028,2485,2121,stairs
77949.0,2022,2509,2109,stairs
77950.0,1955,2520,2025,stairs
77951.0,1871,2485,1946,stairs
77952.0,1906,2421,1876,stairs
77953.0,1924,2405,1969,stairs
77954.0,1932,2403,2012,stairs
77955.0,1947,2378,2075,stairs
77956.0,1969,2358,2096,stairs
77957.0,1968,2369,2058,stairs
77958.0,1958,2390,2026,stairs
77959.0,1967,2415,2002,stairs
77960.0,2000,2440,1975,stairs
77961.0,2005,2467,1990,stairs
77962.0,1995,2459,1983,stairs
77963.0,1981,2433,1974,stairs
77964.0,1951,2386,1993,stairs
77965.0,1946,2340,2001,stairs
77966.0,1939,2302,2025,stairs
77967.0,1943,2262,2055,stairs
77968.0,1984,2255,2085,stairs
77969.0,2006,2317,2120,stairs
77970.0,1960,2397,2228,stairs
77971.0,1932,2339,2301,stairs
77972.0,1896,2341,2116,stairs
77973.0,1857,2349,2093,stairs
77974.0,1830,2406,2133,stairs
77975.0,1887,2421,2143,stairs
77976.0,1960,2460,2114,stairs
77977.0,1943,2493,2073,stairs
77978.0,1906,2485,1966,stairs
77979.0,1893,2467,1966,stairs
77980.0,1867,2470,2014,stairs
77981.0,1870,2488,2102,stairs
77982.0,1915,2490,2136,stairs
77983.0,1926,2475,2082,stairs
77984.0,1935,2443,2087,stairs
77985.0,1969,2432,2127,stairs
77986.0,2016,2392,2153,stairs
77987.0,1964,2369,2164,stairs
77988.0,1896,2336,1986,stairs
77989.0,1917,2310,1999,stairs
77990.0,1969,2290,2093,stairs
77991.0,1978,2279,2111,stairs
77992.0,1983,2285,2112,stairs
77993.0,1998,2314,2149,stairs
77994.0,1999,2365,2195,stairs
77995.0,1982,2389,2166,stairs
77996.0,1982,2332,2112,stairs
77997.0,1981,2331,2062,stairs
77998.0,1982,2373,2088,stairs
77999.0,1963,2430,2124,stairs
78000.0,1947,2460,2098,stairs
78001.0,1939,2464,2067,stairs
78002.0,1951,2461,2040,stairs
78003.0,1963,2463,1992,stairs
78004.0,1938,2468,1973,stairs
78005.0,1933,2420,1966,stairs
78006.0,1919,2399,1976,stairs
78007.0,1913,2392,2057,stairs
78008.0,1985,2383,2127,stairs
78009.0,2016,2399,2098,stairs
78010.0,1966,2438,2014,stairs
78011.0,1960,2446,1973,stairs
78012.0,1947,2433,1991,stairs
78013.0,1977,2441,2013,stairs
78014.0,1955,2424,1979,stairs
78015.0,1944,2383,1974,stairs
78016.0,1964,2323,2000,stairs
78017.0,1977,2288,2007,stairs
78018.0,1987,2273,2041,stairs
78019.0,1986,2245,2079,stairs
78020.0,1997,2238,2135,stairs
78021.0,2031,2339,2203,stairs
78022.0,2020,2395,2261,stairs
78023.0,1931,2368,2208,stairs
78024.0,1897,2344,2067,stairs
78025.0,1838,2370,2053,stairs
78026.0,1859,2369,2079,stairs
78027.0,1914,2396,2111,stairs
78028.0,1923,2422,2095,stairs
78029.0,1937,2483,2026,stairs
78030.0,1986,2410,2079,stairs
78031.0,1989,2410,2081,stairs
78032.0,1987,2410,2081,stairs
78033.0,1988,2412,2083,stairs
78034.0,1989,2413,2085,stairs
78035.0,1965,2433,2071,stairs
78036.0,1909,2381,1991,stairs
78037.0,1878,2334,1989,stairs
78038.0,1865,2299,2065,stairs
78039.0,1842,2310,2071,stairs
78040.0,1941,2317,2132,stairs
78041.0,2052,2335,2166,stairs
78042.0,2119,2371,2148,stairs
78043.0,2134,2418,2126,stairs
78044.0,2061,2394,2082,stairs
78045.0,1969,2365,2042,stairs
78046.0,1878,2355,2137,stairs
78047.0,1926,2385,2107,stairs
78048.0,2025,2451,2176,stairs
78049.0,2056,2454,2176,stairs
78050.0,2061,2460,2094,stairs
78051.0,2001,2472,1991,stairs
78052.0,1972,2453,1910,stairs
78053.0,1935,2454,1978,stairs
78054.0,1973,2402,1990,stairs
78055.0,1991,2399,2024,stairs
78056.0,1972,2417,2091,stairs
78057.0,2000,2440,2094,stairs
78058.0,2018,2458,2028,stairs
78059.0,2006,2449,1938,stairs
78060.0,1928,2405,1990,stairs
78061.0,1935,2391,2024,stairs
78062.0,1966,2333,1986,stairs
78063.0,1967,2385,2023,stairs
78064.0,1966,2359,2009,stairs
78065.0,1973,2335,2018,stairs
78066.0,1966,2292,2012,stairs
78067.0,1943,2251,2019,stairs
78068.0,1952,2218,2051,stairs
78069.0,1982,2256,2080,stairs
78070.0,1976,2299,2143,stairs
78071.0,1919,2327,2175,stairs
78072.0,1875,2359,2121,stairs
78073.0,1841,2430,2078,stairs
78074.0,1814,2477,2043,stairs
78075.0,1864,2491,2000,stairs
78076.0,1902,2504,1936,stairs
78077.0,1889,2498,1941,stairs
78078.0,1868,2539,1929,stairs
78079.0,1891,2553,1929,stairs
78080.0,1866,2560,1980,stairs
78081.0,1894,2521,1985,stairs
78082.0,1902,2443,1956,stairs
78083.0,1950,2371,1975,stairs
78084.0,2017,2287,2097,stairs
78085.0,2030,2249,2328,stairs
78086.0,1882,2157,2118,stairs
78087.0,1918,2293,1946,stairs
78088.0,1960,2303,2119,stairs
78089.0,1975,2274,2150,stairs
78090.0,2038,2291,2166,stairs
78091.0,2075,2360,2162,stairs
78092.0,2090,2442,2215,stairs
78093.0,2034,2404,2205,stairs
78094.0,1992,2425,2063,stairs
78095.0,1990,2403,1975,stairs
78096.0,2022,2472,2038,stairs
78097.0,2019,2472,2021,stairs
78098.0,1939,2446,2024,stairs
78099.0,1862,2464,2009,stairs
78100.0,1916,2448,1914,stairs
78101.0,1952,2453,1909,stairs
78102.0,1958,2418,1962,stairs
78103.0,1962,2404,1980,stairs
78104.0,1927,2358,2007,stairs
78105.0,1946,2343,2029,stairs
78106.0,1951,2347,2031,stairs
78107.0,1925,2343,2031,stairs
78108.0,1964,2352,2006,stairs
78109.0,1950,2299,1972,stairs
78110.0,1961,2248,1979,stairs
78111.0,1951,2233,2013,stairs
78112.0,1946,2217,2031,stairs
78113.0,1947,2234,2055,stairs
78114.0,1949,2301,2083,stairs
78115.0,1896,2362,2138,stairs
78116.0,1868,2383,2104,stairs
78117.0,1869,2385,2029,stairs
78118.0,1847,2396,1995,stairs
78119.0,1884,2466,2002,stairs
78120.0,1899,2548,1998,stairs
78121.0,1886,2546,1908,stairs
78122.0,1906,2558,1961,stairs
78123.0,1929,2537,1983,stairs
78124.0,1901,2511,2010,stairs
78125.0,1895,2466,2020,stairs
78126.0,1932,2423,2022,stairs
78127.0,1971,2365,2051,stairs
78128.0,1930,2295,2113,stairs
78129.0,1938,2256,2088,stairs
78130.0,1953,2260,2078,stairs
78131.0,1999,2286,2133,stairs
78132.0,2003,2303,2120,stairs
78133.0,2021,2318,2129,stairs
78134.0,2004,2298,2106,stairs
78135.0,2004,2301,2128,stairs
78136.0,2000,2355,2162,stairs
78137.0,2019,2417,2210,stairs
78138.0,2038,2441,2169,stairs
78139.0,2058,2391,2099,stairs
78140.0,2039,2379,2017,stairs
78141.0,1959,2419,2050,stairs
78142.0,1910,2453,2115,stairs
78143.0,1902,2507,2092,stairs
78144.0,1910,2523,2015,stairs
78145.0,1916,2532,1999,stairs
78146.0,1964,2533,2003,stairs
78147.0,2000,2567,2014,stairs
78148.0,2020,2555,1978,stairs
78149.0,1993,2466,1950,stairs
78150.0,1941,2376,1939,stairs
78151.0,1875,2297,2000,stairs
78152.0,1887,2289,2117,stairs
78153.0,1937,2301,2106,stairs
78154.0,1959,2296,2043,stairs
78155.0,1971,2275,1990,stairs
78156.0,1940,2200,1999,stairs
78157.0,1946,2182,2023,stairs
78158.0,1947,2157,2010,stairs
78159.0,1949,2168,2050,stairs
78160.0,1947,2243,2119,stairs
78161.0,1910,2313,2146,stairs
78162.0,1870,2384,2132,stairs
78163.0,1881,2405,2038,stairs
78164.0,1919,2449,1952,stairs
78165.0,1908,2457,2023,stairs
78166.0,1926,2490,2049,stairs
78167.0,1927,2510,2018,stairs
78168.0,1919,2529,1987,stairs
78169.0,1914,2501,1977,stairs
78170.0,1901,2507,1984,stairs
78171.0,1875,2478,1965,stairs
78172.0,1877,2460,1994,stairs
78173.0,1887,2438,2017,stairs
78174.0,1904,2393,2054,stairs
78175.0,1929,2377,2078,stairs
78176.0,1944,2323,2078,stairs
78177.0,1954,2313,2062,stairs
78178.0,1973,2311,2109,stairs
78179.0,1979,2332,2090,stairs
78180.0,1976,2350,2096,stairs
78181.0,1952,2326,2121,stairs
78182.0,1987,2300,2144,stairs
78183.0,2012,2281,2161,stairs
78184.0,2028,2338,2167,stairs
78185.0,1998,2372,2175,stairs
78186.0,1967,2353,2132,stairs
78187.0,1965,2395,2089,stairs
78188.0,1991,2423,2091,stairs
78189.0,1985,2469,2118,stairs
78190.0,1974,2475,2070,stairs
78191.0,1947,2464,2053,stairs
78192.0,1923,2459,2027,stairs
78193.0,1962,2450,2009,stairs
78194.0,1986,2435,2024,stairs
78195.0,1977,2429,2017,stairs
78196.0,1956,2435,2003,stairs
78197.0,1946,2419,2003,stairs
78198.0,1940,2401,2018,stairs
78199.0,1917,2359,2020,stairs
78200.0,1964,2387,2016,stairs
78201.0,1964,2387,2019,stairs
78202.0,1966,2390,2010,stairs
78203.0,1943,2369,1986,stairs
78204.0,1933,2333,2014,stairs
78205.0,1959,2312,2042,stairs
78206.0,1965,2281,2043,stairs
78207.0,1955,2263,2044,stairs
78208.0,1951,2257,2065,stairs
78209.0,1967,2274,2089,stairs
78210.0,1969,2305,2137,stairs
78211.0,1955,2344,2134,stairs
78212.0,1894,2358,2109,stairs
78213.0,1845,2372,2081,stairs
78214.0,1847,2395,2075,stairs
78215.0,1899,2421,2073,stairs
78216.0,1927,2471,2079,stairs
78217.0,1914,2530,2021,stairs
78218.0,1917,2541,1891,stairs
78219.0,1894,2541,1963,stairs
78220.0,1897,2551,1985,stairs
78221.0,1922,2509,1996,stairs
78222.0,1892,2489,2061,stairs
78223.0,1905,2460,2119,stairs
78224.0,1927,2402,2125,stairs
78225.0,1945,2347,2107,stairs
78226.0,1935,2315,2097,stairs
78227.0,1942,2286,2005,stairs
78228.0,1974,2291,2030,stairs
78229.0,1996,2317,2087,stairs
78230.0,1988,2313,2062,stairs
78231.0,1971,2299,2074,stairs
78232.0,1949,2289,2090,stairs
78233.0,1962,2282,2111,stairs
78234.0,1955,2311,2147,stairs
78235.0,1918,2419,2157,stairs
78236.0,1915,2455,2136,stairs
78237.0,1971,2421,1996,stairs
78238.0,1994,2411,2019,stairs
78239.0,1940,2419,2079,stairs
78240.0,1896,2411,2067,stairs
78241.0,1917,2421,2060,stairs
78242.0,1883,2434,2025,stairs
78243.0,1925,2448,1973,stairs
78244.0,1987,2439,1973,stairs
78245.0,1974,2406,1991,stairs
78246.0,1982,2355,1977,stairs
78247.0,1930,2312,1993,stairs
78248.0,1921,2271,1976,stairs
78249.0,1908,2236,2000,stairs
78250.0,1917,2242,2025,stairs
78251.0,1941,2260,2054,stairs
78252.0,1955,2282,2042,stairs
78253.0,1947,2308,1988,stairs
78254.0,1969,2313,1938,stairs
78255.0,1964,2321,1917,stairs
78256.0,1949,2327,1942,stairs
78257.0,1951,2339,1950,stairs
78258.0,1951,2345,1947,stairs
78259.0,1956,2339,1982,stairs
78260.0,1999,2405,2009,stairs
78261.0,2023,2425,2054,stairs
78262.0,2033,2447,2062,stairs
78263.0,2036,2427,2020,stairs
78264.0,2003,2446,2004,stairs
78265.0,1964,2478,2062,stairs
78266.0,1869,2435,2097,stairs
78267.0,1840,2383,2051,stairs
78268.0,1774,2379,2091,stairs
78269.0,1741,2399,2170,stairs
78270.0,1748,2463,2160,stairs
78271.0,1797,2467,2087,stairs
78272.0,1883,2448,2016,stairs
78273.0,1910,2430,1971,stairs
78274.0,1960,2441,1963,stairs
78275.0,1891,2365,1979,stairs
78276.0,1901,2346,2059,stairs
78277.0,1898,2318,2074,stairs
78278.0,1884,2302,2142,stairs
78279.0,1930,2339,2210,stairs
78280.0,1912,2363,2159,stairs
78281.0,1890,2385,2119,stairs
78282.0,1893,2392,2051,stairs
78283.0,1897,2459,2073,stairs
78284.0,1939,2488,2151,stairs
78285.0,1925,2482,2089,stairs
78286.0,1935,2447,2087,stairs
78287.0,1962,2419,2096,stairs
78288.0,1980,2394,2117,stairs
78289.0,1981,2367,2141,stairs
78290.0,1948,2372,2191,stairs
78291.0,1928,2350,2158,stairs
78292.0,1931,2365,2116,stairs
78293.0,1978,2384,2116,stairs
78294.0,2018,2410,2171,stairs
78295.0,2041,2429,2153,stairs
78296.0,2039,2457,2144,stairs
78297.0,1973,2454,2079,stairs
78298.0,1917,2469,2030,stairs
78299.0,1929,2460,2002,stairs
78300.0,1977,2436,2006,stairs
78301.0,1970,2409,2023,stairs
78302.0,1898,2386,1981,stairs
78303.0,1888,2379,1984,stairs
78304.0,1890,2367,2015,stairs
78305.0,1911,2387,2006,stairs
78306.0,1923,2415,2016,stairs
78307.0,2033,2427,2071,stairs
78308.0,2059,2397,2059,stairs
78309.0,1994,2386,2028,stairs
78310.0,1945,2350,2003,stairs
78311.0,1914,2299,2002,stairs
78312.0,1936,2272,2034,stairs
78313.0,1963,2252,2056,stairs
78314.0,1952,2223,2057,stairs
78315.0,1939,2207,2058,stairs
78316.0,1963,2263,2077,stairs
78317.0,1964,2335,2119,stairs
78318.0,1914,2401,2185,stairs
78319.0,1817,2442,2173,stairs
78320.0,1788,2454,2139,stairs
78321.0,1827,2500,2105,stairs
78322.0,1914,2533,2070,stairs
78323.0,1977,2585,2025,stairs
78324.0,2000,2566,1950,stairs
78325.0,1971,2511,1971,stairs
78326.0,1907,2507,2028,stairs
78327.0,1928,2496,2058,stairs
78328.0,1931,2461,2093,stairs
78329.0,1975,2422,2094,stairs
78330.0,1983,2379,2072,stairs
78331.0,1995,2312,2110,stairs
78332.0,1973,2283,2161,stairs
78333.0,1897,2255,2039,stairs
78334.0,1917,2252,1961,stairs
78335.0,1966,2243,2083,stairs
78336.0,1999,2246,2105,stairs
78337.0,2017,2250,2117,stairs
78338.0,2020,2279,2107,stairs
78339.0,2017,2327,2114,stairs
78340.0,2017,2398,2170,stairs
78341.0,1976,2405,2177,stairs
78342.0,1911,2361,2057,stairs
78343.0,1921,2349,1971,stairs
78344.0,1991,2419,2079,stairs
78345.0,2006,2466,2122,stairs
78346.0,1998,2495,2083,stairs
78347.0,1974,2503,2036,stairs
78348.0,1944,2505,2010,stairs
78349.0,1976,2494,1985,stairs
78350.0,1975,2475,1962,stairs
78351.0,1966,2439,1949,stairs
78352.0,1967,2387,1929,stairs
78353.0,1939,2363,1965,stairs
78354.0,1915,2306,1994,stairs
78355.0,1931,2299,2062,stairs
78356.0,1966,2289,2050,stairs
78357.0,1983,2299,1995,stairs
78358.0,1985,2307,2035,stairs
78359.0,2004,2300,1987,stairs
78360.0,1981,2288,1957,stairs
78361.0,1967,2295,1965,stairs
78362.0,1968,2292,2001,stairs
78363.0,1975,2290,2008,stairs
78364.0,1983,2327,1999,stairs
78365.0,1999,2353,2008,stairs
78366.0,2007,2367,2034,stairs
78367.0,1997,2380,2035,stairs
78368.0,1996,2350,2020,stairs
78369.0,1989,2370,2002,stairs
78370.0,1849,2333,1999,stairs
78371.0,1850,2336,2000,stairs
78372.0,1851,2339,2002,stairs
78373.0,1852,2341,2005,stairs
78374.0,1851,2342,2007,stairs
78375.0,1850,2343,2010,stairs
78376.0,1848,2343,2012,stairs
78377.0,1913,2291,2127,stairs
78378.0,1822,2281,2517,stairs
78379.0,1824,2302,2062,stairs
78380.0,1891,2356,2015,stairs
78381.0,1967,2409,2084,stairs
78382.0,2000,2421,2183,stairs
78383.0,2066,2478,2188,stairs
78384.0,2066,2452,2109,stairs
78385.0,1986,2372,2051,stairs
78386.0,1957,2341,2113,stairs
78387.0,1992,2324,2172,stairs
78388.0,1980,2372,2197,stairs
78389.0,1943,2386,2221,stairs
78390.0,1895,2337,2078,stairs
78391.0,1930,2368,2075,stairs
78392.0,1960,2424,2148,stairs
78393.0,1996,2464,2209,stairs
78394.0,2018,2487,2219,stairs
78395.0,2015,2513,2143,stairs
78396.0,1973,2520,2065,stairs
78397.0,1973,2491,2023,stairs
78398.0,1948,2463,2011,stairs
78399.0,1937,2414,1993,stairs
78400.0,1930,2409,1971,stairs
78401.0,1865,2387,2029,stairs
78402.0,1932,2396,2125,stairs
78403.0,1980,2349,2130,stairs
78404.0,1983,2352,2107,stairs
78405.0,1989,2369,2067,stairs
78406.0,1994,2377,2043,stairs
78407.0,1990,2334,2013,stairs
78408.0,1942,2347,2007,stairs
78409.0,1933,2317,2008,stairs
78410.0,1941,2311,2048,stairs
78411.0,1940,2307,2085,stairs
78412.0,1957,2316,2066,stairs
78413.0,1963,2328,2085,stairs
78414.0,1978,2321,2124,stairs
78415.0,1951,2298,2144,stairs
78416.0,1905,2236,2091,stairs
78417.0,1838,2316,2097,stairs
78418.0,1830,2359,2140,stairs
78419.0,1779,2434,2192,stairs
78420.0,1861,2436,2134,stairs
78421.0,1950,2496,2077,stairs
78422.0,2031,2589,1882,stairs
78423.0,1974,2530,1922,stairs
78424.0,1955,2529,2047,stairs
78425.0,1961,2523,2083,stairs
78426.0,1978,2467,2141,stairs
78427.0,1917,2352,2166,stairs
78428.0,1824,2305,2042,stairs
78429.0,1857,2300,1981,stairs
78430.0,1956,2272,2171,stairs
78431.0,2039,2336,2190,stairs
78432.0,2087,2359,2147,stairs
78433.0,2092,2360,2111,stairs
78434.0,2048,2322,2073,stairs
78435.0,1965,2277,2097,stairs
78436.0,1979,2247,2143,stairs
78437.0,2002,2282,2176,stairs
78438.0,1994,2382,2179,stairs
78439.0,1983,2408,2117,stairs
78440.0,2015,2409,2045,stairs
78441.0,2015,2405,2056,stairs
78442.0,2027,2434,2132,stairs
78443.0,2038,2457,2103,stairs
78444.0,2023,2482,2054,stairs
78445.0,1987,2494,2015,stairs
78446.0,1975,2497,1988,stairs
78447.0,1977,2477,1995,stairs
78448.0,1958,2480,2005,stairs
78449.0,1951,2429,1979,stairs
78450.0,1949,2398,2018,stairs
78451.0,1964,2395,2007,stairs
78452.0,1913,2328,2049,stairs
78453.0,1956,2370,2066,stairs
78454.0,1992,2383,2030,stairs
78455.0,2031,2384,2006,stairs
78456.0,1987,2383,2037,stairs
78457.0,1963,2339,1972,stairs
78458.0,1944,2308,2009,stairs
78459.0,1946,2282,2023,stairs
78460.0,1956,2224,2032,stairs
78461.0,1967,2190,2042,stairs
78462.0,1956,2217,2064,stairs
78463.0,1941,2275,2089,stairs
78464.0,1931,2361,2112,stairs
78465.0,1912,2390,2099,stairs
78466.0,1883,2388,2055,stairs
78467.0,1828,2390,2059,stairs
78468.0,1850,2464,2076,stairs
78469.0,1937,2517,2019,stairs
78470.0,1921,2515,1952,stairs
78471.0,1973,2521,1997,stairs
78472.0,1931,2524,2032,stairs
78473.0,1920,2498,2061,stairs
78474.0,1893,2467,1989,stairs
78475.0,1880,2423,1946,stairs
78476.0,1928,2401,1995,stairs
78477.0,1967,2361,2071,stairs
78478.0,2010,2315,2125,stairs
78479.0,1963,2296,2180,stairs
78480.0,1904,2290,2035,stairs
78481.0,1935,2296,2081,stairs
78482.0,1974,2328,2122,stairs
78483.0,1978,2349,2127,stairs
78484.0,1994,2342,2120,stairs
78485.0,2031,2330,2123,stairs
78486.0,2028,2347,2174,stairs
78487.0,2017,2399,2225,stairs
78488.0,1969,2425,2138,stairs
78489.0,1959,2440,2033,stairs
78490.0,2023,2445,2013,stairs
78491.0,2010,2436,2055,stairs
78492.0,2003,2433,2116,stairs
78493.0,1967,2449,2112,stairs
78494.0,1933,2466,2035,stairs
78495.0,1876,2462,2003,stairs
78496.0,1931,2433,1969,stairs
78497.0,1942,2445,1967,stairs
78498.0,1948,2423,1947,stairs
78499.0,1974,2403,1982,stairs
78500.0,1970,2380,1997,stairs
78501.0,1952,2378,2001,stairs
78502.0,1933,2364,1990,stairs
78503.0,1926,2378,2012,stairs
78504.0,1985,2389,2072,stairs
78505.0,2029,2373,2092,stairs
78506.0,2018,2365,2020,stairs
78507.0,1964,2350,1960,stairs
78508.0,1933,2318,1963,stairs
78509.0,1936,2291,2006,stairs
78510.0,1955,2263,2018,stairs
78511.0,1969,2239,2025,stairs
78512.0,1967,2250,2039,stairs
78513.0,1955,2263,2092,stairs
78514.0,1904,2351,2144,stairs
78515.0,1858,2400,2144,stairs
78516.0,1858,2411,2098,stairs
78517.0,1840,2454,2061,stairs
78518.0,1875,2507,2059,stairs
78519.0,1937,2575,2017,stairs
78520.0,1928,2546,1971,stairs
78521.0,1935,2499,1911,stairs
78522.0,1927,2493,1978,stairs
78523.0,1903,2448,2027,stairs
78524.0,1913,2409,2043,stairs
78525.0,1920,2392,2019,stairs
78526.0,1919,2378,2003,stairs
78527.0,1963,2340,2005,stairs
78528.0,1987,2311,2081,stairs
78529.0,1964,2288,2190,stairs
78530.0,1917,2287,2075,stairs
78531.0,1905,2294,1980,stairs
78532.0,1927,2321,2080,stairs
78533.0,1955,2337,2109,stairs
78534.0,1981,2351,2100,stairs
78535.0,2001,2335,2115,stairs
78536.0,1982,2376,2128,stairs
78537.0,1996,2397,2178,stairs
78538.0,1979,2415,2133,stairs
78539.0,1988,2414,2060,stairs
78540.0,1981,2479,1981,stairs
78541.0,1980,2481,1980,stairs
78542.0,1979,2481,1979,stairs
78543.0,1977,2481,1979,stairs
78544.0,1979,2480,1979,stairs
78545.0,1971,2463,1978,stairs
78546.0,1945,2438,1988,stairs
78547.0,1973,2423,1986,stairs
78548.0,1972,2379,2006,stairs
78549.0,1941,2357,1993,stairs
78550.0,1927,2357,2062,stairs
78551.0,1993,2363,2134,stairs
78552.0,2021,2362,2075,stairs
78553.0,1999,2373,1976,stairs
78554.0,1984,2342,1931,stairs
78555.0,1945,2286,1987,stairs
78556.0,1923,2284,2082,stairs
78557.0,1944,2239,2056,stairs
78558.0,1951,2237,2053,stairs
78559.0,1955,2277,2092,stairs
78560.0,1948,2323,2134,stairs
78561.0,1905,2359,2162,stairs
78562.0,1856,2378,2121,stairs
78563.0,1840,2394,2061,stairs
78564.0,1836,2429,2053,stairs
78565.0,1875,2513,2079,stairs
78566.0,1924,2537,1968,stairs
78567.0,1939,2515,1958,stairs
78568.0,1904,2531,2003,stairs
78569.0,1895,2541,2048,stairs
78570.0,1901,2517,2052,stairs
78571.0,1919,2486,1998,stairs
78572.0,1944,2443,1998,stairs
78573.0,1983,2370,2062,stairs
78574.0,1976,2302,2153,stairs
78575.0,1931,2258,2133,stairs
78576.0,1916,2257,2052,stairs
78577.0,1935,2264,2099,stairs
78578.0,1982,2278,2124,stairs
78579.0,1992,2278,2112,stairs
78580.0,2006,2270,2114,stairs
78581.0,2018,2262,2116,stairs
78582.0,2005,2294,2135,stairs
78583.0,1994,2374,2170,stairs
78584.0,1984,2438,2153,stairs
78585.0,1969,2403,2096,stairs
78586.0,1989,2371,2038,stairs
78587.0,1951,2374,2058,stairs
78588.0,1959,2389,2090,stairs
78589.0,1955,2424,2049,stairs
78590.0,1953,2459,2002,stairs
78591.0,1943,2477,2004,stairs
78592.0,1940,2470,2006,stairs
78593.0,1953,2455,1996,stairs
78594.0,1959,2435,1986,stairs
78595.0,1967,2406,1993,stairs
78596.0,1967,2362,1966,stairs
78597.0,1916,2337,1992,stairs
78598.0,1905,2300,1992,stairs
78599.0,1909,2289,1994,stairs
78600.0,1909,2276,1999,stairs
78601.0,1937,2288,2049,stairs
78602.0,1983,2310,2051,stairs
78603.0,1979,2320,1991,stairs
78604.0,1957,2311,1938,stairs
78605.0,1953,2339,1961,stairs
78606.0,1956,2332,1973,stairs
78607.0,1981,2348,1984,stairs
78608.0,1997,2351,1994,stairs
78609.0,1975,2365,2014,stairs
78610.0,1966,2375,1995,stairs
78611.0,1975,2383,1997,stairs
78612.0,1953,2400,2040,stairs
78613.0,1898,2386,2077,stairs
78614.0,1860,2373,2047,stairs
78615.0,1841,2373,2062,stairs
78616.0,1806,2419,2113,stairs
78617.0,1812,2469,2186,stairs
78618.0,1868,2517,2187,stairs
78619.0,1920,2507,2090,stairs
78620.0,1941,2462,2003,stairs
78621.0,1941,2468,1942,stairs
78622.0,1896,2450,1915,stairs
78623.0,1875,2450,1973,stairs
78624.0,1867,2425,2043,stairs
78625.0,1892,2415,2082,stairs
78626.0,1920,2413,2085,stairs
78627.0,1969,2399,2065,stairs
78628.0,1970,2408,2184,stairs
78629.0,2029,2435,2276,stairs
78630.0,2034,2379,2164,stairs
78631.0,1936,2368,2015,stairs
78632.0,1979,2389,2011,stairs
78633.0,1999,2349,2085,stairs
78634.0,1996,2321,2121,stairs
78635.0,2031,2283,2106,stairs
78636.0,2032,2307,2117,stairs
78637.0,2023,2325,2160,stairs
78638.0,1958,2340,2130,stairs
78639.0,1959,2384,2050,stairs
78640.0,1967,2415,2023,stairs
78641.0,1994,2456,2142,stairs
78642.0,1983,2494,2158,stairs
78643.0,1976,2545,2074,stairs
78644.0,1996,2536,2007,stairs
78645.0,1964,2523,1968,stairs
78646.0,1933,2511,1926,stairs
78647.0,1941,2491,1906,stairs
78648.0,1927,2478,1935,stairs
78649.0,1896,2435,1994,stairs
78650.0,1962,2417,2063,stairs
78651.0,1963,2374,2065,stairs
78652.0,1939,2379,2020,stairs
78653.0,1921,2355,1995,stairs
78654.0,1951,2336,1987,stairs
78655.0,1951,2307,1985,stairs
78656.0,1949,2255,1984,stairs
78657.0,1945,2237,2029,stairs
78658.0,1936,2251,2042,stairs
78659.0,1943,2224,2038,stairs
78660.0,1950,2207,2040,stairs
78661.0,1968,2257,2071,stairs
78662.0,1962,2303,2109,stairs
78663.0,1907,2374,2154,stairs
78664.0,1844,2399,2108,stairs
78665.0,1821,2423,2065,stairs
78666.0,1821,2449,2048,stairs
78667.0,1847,2492,2055,stairs
78668.0,1871,2517,2076,stairs
78669.0,1950,2581,2015,stairs
78670.0,1934,2535,1912,stairs
78671.0,1926,2535,2028,stairs
78672.0,1954,2502,2067,stairs
78673.0,1923,2475,2091,stairs
78674.0,1956,2440,2117,stairs
78675.0,1950,2356,2109,stairs
78676.0,1944,2310,2102,stairs
78677.0,1921,2243,2095,stairs
78678.0,1906,2234,2043,stairs
78679.0,1932,2257,2107,stairs
78680.0,1966,2295,2146,stairs
78681.0,2008,2311,2135,stairs
78682.0,2016,2306,2127,stairs
78683.0,2016,2299,2151,stairs
78684.0,2011,2327,2168,stairs
78685.0,2026,2379,2197,stairs
78686.0,2021,2439,2199,stairs
78687.0,1958,2379,2115,stairs
78688.0,1988,2358,2042,stairs
78689.0,1947,2402,2057,stairs
78690.0,1892,2421,2072,stairs
78691.0,1871,2450,2060,stairs
78692.0,1874,2493,2024,stairs
78693.0,1883,2494,2007,stairs
78694.0,1932,2465,2006,stairs
78695.0,1975,2455,1996,stairs
78696.0,1965,2436,1967,stairs
78697.0,1923,2390,1954,stairs
78698.0,1902,2334,1953,stairs
78699.0,1885,2282,1990,stairs
78700.0,1882,2243,2025,stairs
78701.0,1914,2275,2132,stairs
78702.0,1982,2252,2079,stairs
78703.0,1983,2252,2006,stairs
78704.0,1946,2278,2013,stairs
78705.0,1928,2289,1946,stairs
78706.0,1895,2303,1931,stairs
78707.0,1923,2313,2002,stairs
78708.0,1953,2324,2055,stairs
78709.0,2002,2345,2049,stairs
78710.0,1936,2409,2026,stairs
78711.0,1936,2411,2026,stairs
78712.0,1930,2422,2047,stairs
78713.0,1896,2399,2111,stairs
78714.0,1908,2364,2107,stairs
78715.0,1881,2429,2113,stairs
78716.0,1849,2453,2148,stairs
78717.0,1795,2535,2210,stairs
78718.0,1811,2546,2188,stairs
78719.0,1867,2481,2091,stairs
78720.0,1948,2508,2039,stairs
78721.0,1991,2533,1936,stairs
78722.0,1908,2488,1880,stairs
78723.0,1937,2467,1950,stairs
78724.0,1948,2443,2014,stairs
78725.0,1960,2373,2115,stairs
78726.0,2016,2336,2287,stairs
78727.0,2001,2320,2308,stairs
78728.0,1936,2328,2125,stairs
78729.0,1893,2330,1966,stairs
78730.0,1933,2356,1972,stairs
78731.0,1983,2372,2070,stairs
78732.0,2000,2371,2157,stairs
78733.0,1998,2349,2126,stairs
78734.0,2032,2305,2108,stairs
78735.0,2018,2395,2134,stairs
78736.0,2019,2427,2181,stairs
78737.0,2054,2444,2170,stairs
78738.0,2065,2449,2092,stairs
78739.0,2019,2439,2049,stairs
78740.0,1985,2456,2137,stairs
78741.0,1938,2507,2035,stairs
78742.0,1928,2487,1960,stairs
78743.0,1969,2465,1965,stairs
78744.0,1965,2473,2037,stairs
78745.0,2007,2437,1998,stairs
78746.0,1986,2429,1970,stairs
78747.0,1963,2398,1988,stairs
78748.0,1972,2363,2019,stairs
78749.0,1961,2358,2016,stairs
78750.0,1969,2355,2037,stairs
78751.0,1982,2307,2045,stairs
78752.0,1987,2317,2065,stairs
78753.0,1998,2317,2028,stairs
78754.0,1963,2274,2000,stairs
78755.0,1922,2241,1984,stairs
78756.0,1924,2267,2003,stairs
78757.0,1925,2260,2029,stairs
78758.0,1962,2269,2071,stairs
78759.0,1988,2322,2120,stairs
78760.0,1957,2412,2174,stairs
78761.0,1868,2438,2116,stairs
78762.0,1812,2450,2063,stairs
78763.0,1848,2455,2030,stairs
78764.0,1850,2507,2078,stairs
78765.0,1872,2537,2131,stairs
78766.0,2006,2563,2055,stairs
78767.0,2011,2489,1921,stairs
78768.0,1975,2479,2031,stairs
78769.0,1954,2438,2036,stairs
78770.0,1944,2425,2043,stairs
78771.0,1967,2369,2097,stairs
78772.0,1985,2321,2161,stairs
78773.0,1971,2279,2191,stairs
78774.0,1929,2257,2114,stairs
78775.0,1926,2270,2008,stairs
78776.0,1952,2300,2116,stairs
78777.0,1981,2323,2159,stairs
78778.0,1974,2335,2119,stairs
78779.0,1988,2338,2135,stairs
78780.0,2015,2317,2156,stairs
78781.0,2028,2375,2192,stairs
78782.0,2045,2419,2228,stairs
78783.0,1946,2386,2094,stairs
78784.0,1897,2434,2066,stairs
78785.0,1936,2456,2046,stairs
78786.0,1986,2494,2102,stairs
78787.0,1982,2504,2107,stairs
78788.0,1971,2526,2022,stairs
78789.0,1940,2475,1979,stairs
78790.0,1944,2463,1991,stairs
78791.0,1935,2444,2011,stairs
78792.0,1939,2445,2011,stairs
78793.0,1941,2387,1994,stairs
78794.0,1937,2356,2000,stairs
78795.0,1933,2334,1996,stairs
78796.0,1925,2344,2050,stairs
78797.0,2011,2347,2107,stairs
78798.0,2013,2355,2052,stairs
78799.0,1964,2343,1978,stairs
78800.0,1958,2291,1960,stairs
78801.0,1925,2274,2052,stairs
78802.0,1943,2234,2004,stairs
78803.0,1945,2196,2010,stairs
78804.0,1940,2166,2062,stairs
78805.0,1947,2245,2120,stairs
78806.0,1917,2347,2171,stairs
78807.0,1870,2420,2126,stairs
78808.0,1837,2434,2048,stairs
78809.0,1821,2440,1998,stairs
78810.0,1811,2450,2020,stairs
78811.0,1887,2532,2078,stairs
78812.0,1918,2529,2021,stairs
78813.0,1972,2562,2027,stairs
78814.0,1946,2557,2028,stairs
78815.0,1899,2522,2042,stairs
78816.0,1914,2478,2048,stairs
78817.0,1933,2433,2011,stairs
78818.0,1957,2387,2024,stairs
78819.0,1975,2321,2057,stairs
78820.0,1988,2301,2110,stairs
78821.0,1976,2275,2147,stairs
78822.0,1929,2266,2112,stairs
78823.0,1924,2297,2028,stairs
78824.0,1958,2321,2089,stairs
78825.0,1973,2327,2093,stairs
78826.0,1961,2309,2083,stairs
78827.0,1976,2296,2106,stairs
78828.0,2007,2319,2144,stairs
78829.0,2007,2410,2192,stairs
78830.0,1989,2439,2185,stairs
78831.0,1968,2446,2055,stairs
78832.0,2010,2475,2004,stairs
78833.0,2029,2510,2056,stairs
78834.0,2006,2538,2073,stairs
78835.0,1961,2539,2070,stairs
78836.0,1892,2516,2016,stairs
78837.0,1856,2490,1988,stairs
78838.0,1885,2468,1953,stairs
78839.0,1912,2399,1907,stairs
78840.0,1941,2355,1916,stairs
78841.0,1930,2327,1966,stairs
78842.0,1931,2317,1973,stairs
78843.0,1931,2318,1986,stairs
78844.0,1970,2326,2048,stairs
78845.0,2007,2336,2110,stairs
78846.0,2014,2335,2057,stairs
78847.0,1991,2341,1986,stairs
78848.0,1975,2322,1983,stairs
78849.0,1953,2288,1989,stairs
78850.0,1940,2263,1986,stairs
78851.0,1944,2257,2007,stairs
78852.0,1952,2272,2066,stairs
78853.0,1941,2320,2124,stairs
78854.0,1904,2384,2148,stairs
78855.0,1856,2437,2107,stairs
78856.0,1851,2455,2044,stairs
78857.0,1860,2498,1999,stairs
78858.0,1866,2520,2017,stairs
78859.0,1871,2485,1968,stairs
78860.0,1911,2523,2000,stairs
78861.0,1947,2525,2004,stairs
78862.0,1930,2501,2007,stairs
78863.0,1919,2454,2015,stairs
78864.0,1919,2411,1988,stairs
78865.0,1929,2385,1959,stairs
78866.0,1952,2336,2016,stairs
78867.0,1986,2288,2162,stairs
78868.0,1911,2283,2162,stairs
78869.0,1885,2266,1991,stairs
78870.0,1914,2270,2017,stairs
78871.0,1946,2282,2113,stairs
78872.0,1966,2295,2096,stairs
78873.0,1974,2310,2088,stairs
78874.0,1995,2314,2125,stairs
78875.0,2003,2353,2167,stairs
78876.0,2003,2447,2229,stairs
78877.0,2008,2502,2209,stairs
78878.0,1996,2471,2050,stairs
78879.0,2013,2469,2035,stairs
78880.0,1990,2368,2076,stairs
78881.0,1991,2367,2074,stairs
78882.0,1992,2365,2073,stairs
78883.0,1992,2363,2073,stairs
78884.0,1996,2362,2074,stairs
78885.0,1999,2359,2074,stairs
78886.0,2000,2360,2072,stairs
78887.0,1989,2351,2031,stairs
78888.0,1954,2349,1963,stairs
78889.0,1923,2295,1928,stairs
78890.0,1913,2317,2029,stairs
78891.0,1891,2313,2036,stairs
78892.0,1893,2243,2027,stairs
78893.0,1894,2197,2040,stairs
78894.0,1924,2215,2103,stairs
78895.0,1939,2283,2206,stairs
78896.0,1907,2365,2250,stairs
78897.0,1881,2375,2127,stairs
78898.0,1926,2427,2040,stairs
78899.0,1890,2431,1994,stairs
78900.0,1878,2475,2036,stairs
78901.0,1918,2491,2037,stairs
78902.0,1945,2507,2033,stairs
78903.0,1935,2507,2033,stairs
78904.0,1905,2518,2006,stairs
78905.0,1889,2498,1995,stairs
78906.0,1888,2494,2002,stairs
78907.0,1898,2492,2014,stairs
78908.0,1943,2481,2029,stairs
78909.0,1948,2426,2023,stairs
78910.0,1875,2315,2072,stairs
78911.0,1894,2320,2018,stairs
78912.0,1887,2290,2021,stairs
78913.0,1888,2293,2089,stairs
78914.0,1914,2303,2173,stairs
78915.0,1993,2296,2216,stairs
78916.0,2023,2277,2180,stairs
78917.0,1979,2277,2170,stairs
78918.0,1941,2308,2212,stairs
78919.0,1929,2359,2146,stairs
78920.0,1952,2402,2087,stairs
78921.0,1976,2432,2090,stairs
78922.0,1987,2426,2064,stairs
78923.0,1992,2459,2049,stairs
78924.0,1927,2479,2019,stairs
78925.0,1877,2473,2009,stairs
78926.0,1875,2447,1995,stairs
78927.0,1862,2416,1964,stairs
78928.0,1923,2382,1981,stairs
78929.0,1924,2343,1985,stairs
78930.0,1921,2310,1999,stairs
78931.0,1915,2252,2022,stairs
78932.0,1915,2221,2023,stairs
78933.0,1941,2219,2009,stairs
78934.0,1939,2238,2019,stairs
78935.0,1955,2239,1991,stairs
78936.0,1964,2231,1967,stairs
