Logged started on,17/07/2021 19:19:18
Feature,Accelerometer
Nodes,AM1V310 @324A36

Date,HostTimestamp,NodeName,NodeTimestamp,RawData,X (mg),Y (mg),Z (mg)
17/07/2021 19:21:05.384,106960,AM1V310 @324A36,27694,01FD96FD17FE,-767,-618,-489
17/07/2021 19:21:05.444,107019,AM1V310 @324A36,27700,BFFC6EFD61FE,-833,-658,-415
17/07/2021 19:21:05.474,107049,AM1V310 @324A36,27707,C1FC63FDFDFD,-831,-669,-515
17/07/2021 19:21:05.534,107109,AM1V310 @324A36,27713,C3FC36FEEFFD,-829,-458,-529
17/07/2021 19:21:05.594,107169,AM1V310 @324A36,27719,3CFDBAFE33FE,-708,-326,-461
17/07/2021 19:21:05.624,107198,AM1V310 @324A36,27725,88FCB6FE05FE,-888,-330,-507
17/07/2021 19:21:05.684,107259,AM1V310 @324A36,27732,E3FC5AFE5CFE,-797,-422,-420
17/07/2021 19:21:05.773,107348,AM1V310 @324A36,27738,2DFD51FE87FE,-723,-431,-377
17/07/2021 19:21:05.788,107363,AM1V310 @324A36,27744,63FD28FEB4FE,-669,-472,-332
17/07/2021 19:21:05.834,107408,AM1V310 @324A36,27750,43FD06FE9AFE,-701,-506,-358
17/07/2021 19:21:05.894,107469,AM1V310 @324A36,27757,57FDDBFDA1FE,-681,-549,-351
17/07/2021 19:21:05.954,107529,AM1V310 @324A36,27763,4FFDDEFDCAFE,-689,-546,-310
17/07/2021 19:21:05.984,107559,AM1V310 @324A36,27769,80FDDAFDC6FE,-640,-550,-314
17/07/2021 19:21:06.044,107619,AM1V310 @324A36,27775,56FDBEFDCAFE,-682,-578,-310
17/07/2021 19:21:06.074,107648,AM1V310 @324A36,27782,22FD73FD4CFE,-734,-653,-436
17/07/2021 19:21:06.134,107709,AM1V310 @324A36,27788,7FFC99FD24FE,-897,-615,-476
17/07/2021 19:21:06.194,107769,AM1V310 @324A36,27794,61FC67FD08FE,-927,-665,-504
17/07/2021 19:21:06.224,107799,AM1V310 @324A36,27800,7BFC70FD6DFD,-901,-656,-659
17/07/2021 19:21:06.314,107889,AM1V310 @324A36,27807,27FDF2FD23FD,-729,-526,-733
17/07/2021 19:21:06.344,107919,AM1V310 @324A36,27813,43FD8AFE4DFD,-701,-374,-691
17/07/2021 19:21:06.374,107949,AM1V310 @324A36,27819,C7FC6FFE87FD,-825,-401,-633
17/07/2021 19:21:06.434,108009,AM1V310 @324A36,27825,5EFDBDFE60FE,-674,-323,-416
17/07/2021 19:21:06.524,108099,AM1V310 @324A36,27832,27FE58FE66FE,-473,-424,-410
17/07/2021 19:21:06.557,108132,AM1V310 @324A36,27838,F1FD6BFE89FE,-527,-405,-375
17/07/2021 19:21:06.584,108158,AM1V310 @324A36,27844,FDFD4BFEA7FE,-515,-437,-345
17/07/2021 19:21:06.644,108219,AM1V310 @324A36,27850,16FD0DFE41FE,-746,-499,-447
17/07/2021 19:21:06.674,108249,AM1V310 @324A36,27857,39FDD3FD42FE,-711,-557,-446
17/07/2021 19:21:06.734,108309,AM1V310 @324A36,27863,82FC81FD60FD,-894,-639,-672
17/07/2021 19:21:06.795,108369,AM1V310 @324A36,27869,C2FB1BFE79FD,-1086,-485,-647
17/07/2021 19:21:06.824,108399,AM1V310 @324A36,27875,5EFB9DFE6EFD,-1186,-355,-658
17/07/2021 19:21:06.884,108459,AM1V310 @324A36,27882,27FDFDFE6DFD,-729,-259,-659
17/07/2021 19:21:06.944,108519,AM1V310 @324A36,27888,19FC39FF80FD,-999,-199,-640
17/07/2021 19:21:06.974,108549,AM1V310 @324A36,27894,B2FDE8FE7EFE,-590,-280,-386
17/07/2021 19:21:07.034,108609,AM1V310 @324A36,27900,88FE26FFD8FE,-376,-218,-296
17/07/2021 19:21:07.094,108669,AM1V310 @324A36,27907,44FEFFFE1EFF,-444,-257,-226
17/07/2021 19:21:07.124,108699,AM1V310 @324A36,27913,EAFD9EFEA8FE,-534,-354,-344
17/07/2021 19:21:07.184,108759,AM1V310 @324A36,27919,F2FC35FE8DFE,-782,-459,-371
17/07/2021 19:21:07.244,108819,AM1V310 @324A36,27925,85FCC0FD36FE,-891,-576,-458
17/07/2021 19:21:07.274,108849,AM1V310 @324A36,27932,3AFC7BFDCEFD,-966,-645,-562
17/07/2021 19:21:07.334,108909,AM1V310 @324A36,27938,DFFBF0FDA6FD,-1057,-528,-602
17/07/2021 19:21:07.394,108969,AM1V310 @324A36,27944,EDFC4EFED2FC,-787,-434,-814
17/07/2021 19:21:07.424,108999,AM1V310 @324A36,27950,33FDF4FED7FB,-717,-268,-1065
17/07/2021 19:21:07.484,109059,AM1V310 @324A36,27957,1FFC91FFA5FB,-993,-111,-1115
17/07/2021 19:21:07.544,109119,AM1V310 @324A36,27963,A7FB77FFB6FD,-1113,-137,-586
17/07/2021 19:21:07.574,109148,AM1V310 @324A36,27969,B7FFA7FFF5FF,-73,-89,-11
17/07/2021 19:21:07.634,109209,AM1V310 @324A36,27975,65FF5AFFAFFF,-155,-166,-81
17/07/2021 19:21:07.694,109269,AM1V310 @324A36,27982,32FD38FFF1FD,-718,-200,-527
17/07/2021 19:21:07.724,109298,AM1V310 @324A36,27988,83FCFCFE0BFD,-893,-260,-757
17/07/2021 19:21:07.784,109359,AM1V310 @324A36,27994,B6FB26006EFC,-1098,38,-914
17/07/2021 19:21:07.844,109419,AM1V310 @324A36,28000,0CFC830022FF,-1012,131,-222
17/07/2021 19:21:07.874,109448,AM1V310 @324A36,28007,93FE8C00CBFF,-365,140,-53
17/07/2021 19:21:07.934,109509,AM1V310 @324A36,28013,59FBF4FF54FC,-1191,-12,-940
17/07/2021 19:21:07.994,109569,AM1V310 @324A36,28019,42F8E1FF23FD,-1982,-31,-733
17/07/2021 19:21:08.024,109598,AM1V310 @324A36,28025,FEFBC5FEE4FD,-1026,-315,-540
17/07/2021 19:21:08.084,109659,AM1V310 @324A36,28032,07FB1CFF4CFD,-1273,-228,-692
17/07/2021 19:21:08.144,109719,AM1V310 @324A36,28038,4DFD47FEA8FF,-691,-441,-88
17/07/2021 19:21:08.174,109749,AM1V310 @324A36,28044,CAFF01FF0501,-54,-255,261
17/07/2021 19:21:08.235,109810,AM1V310 @324A36,28050,8D009DFFEEFF,141,-99,-18
17/07/2021 19:21:08.294,109869,AM1V310 @324A36,28057,0000A4FE1700,0,-348,23
17/07/2021 19:21:08.324,109899,AM1V310 @324A36,28063,B7FB05FC3CFD,-1097,-1019,-708
17/07/2021 19:21:08.384,109959,AM1V310 @324A36,28069,94F8C9FE45FB,-1900,-311,-1211
17/07/2021 19:21:08.444,110019,AM1V310 @324A36,28075,BBFAD100EBF9,-1349,209,-1557
17/07/2021 19:21:08.474,110048,AM1V310 @324A36,28082,EFF80D015EFC,-1809,269,-930
17/07/2021 19:21:08.534,110109,AM1V310 @324A36,28088,8BFD4E0147FE,-629,334,-441
17/07/2021 19:21:08.594,110169,AM1V310 @324A36,28094,77001D02F7FE,119,541,-265
17/07/2021 19:21:08.624,110198,AM1V310 @324A36,28100,540070004900,84,112,73
17/07/2021 19:21:08.684,110259,AM1V310 @324A36,28107,87FF320042FF,-121,50,-190
17/07/2021 19:21:08.744,110319,AM1V310 @324A36,28113,32F832FDF1FE,-1998,-718,-271
17/07/2021 19:21:08.774,110348,AM1V310 @324A36,28119,D7FC80FF7DFA,-809,-128,-1411
17/07/2021 19:21:08.834,110409,AM1V310 @324A36,28125,32F86100BAFF,-1998,97,-70
17/07/2021 19:21:08.894,110469,AM1V310 @324A36,28132,F6FC56FF9CFC,-778,-170,-868
17/07/2021 19:21:08.924,110499,AM1V310 @324A36,28138,DCFF6EFE5E01,-36,-402,350
17/07/2021 19:21:08.984,110559,AM1V310 @324A36,28144,C4012AFFCF01,452,-214,463
17/07/2021 19:21:09.044,110619,AM1V310 @324A36,28150,5BFF8BFE39FF,-165,-373,-199
17/07/2021 19:21:09.075,110649,AM1V310 @324A36,28157,68FE31FF57FF,-408,-207,-169
17/07/2021 19:21:09.134,110709,AM1V310 @324A36,28163,32F830FF16FD,-1998,-208,-746
17/07/2021 19:21:09.195,110770,AM1V310 @324A36,28169,EDF8C900A0F9,-1811,201,-1632
17/07/2021 19:21:09.224,110798,AM1V310 @324A36,28175,5EF95801F1FC,-1698,344,-783
17/07/2021 19:21:09.284,110859,AM1V310 @324A36,28182,5BFCA70019FF,-933,167,-231
17/07/2021 19:21:09.344,110919,AM1V310 @324A36,28188,2302C001B4FE,547,448,-332
17/07/2021 19:21:09.374,110949,AM1V310 @324A36,28194,3BFE85003A00,-453,133,58
17/07/2021 19:21:09.434,111009,AM1V310 @324A36,28200,CD00A9005CFF,205,169,-164
17/07/2021 19:21:09.494,111069,AM1V310 @324A36,28207,D6F84CFF75FE,-1834,-180,-395
17/07/2021 19:21:09.524,111099,AM1V310 @324A36,28213,F8FACF0049FA,-1288,207,-1463
17/07/2021 19:21:09.584,111159,AM1V310 @324A36,28219,32F83A001AFF,-1998,58,-230
17/07/2021 19:21:09.644,111219,AM1V310 @324A36,28225,24FC68FFB9FD,-988,-152,-583
17/07/2021 19:21:09.674,111249,AM1V310 @324A36,28232,E4FDE6FECCFF,-540,-282,-52
17/07/2021 19:21:09.734,111309,AM1V310 @324A36,28238,05006AFF4C01,5,-150,332
17/07/2021 19:21:09.794,111370,AM1V310 @324A36,28244,710109FF31FF,369,-247,-207
17/07/2021 19:21:09.824,111399,AM1V310 @324A36,28250,FBFD1AFFA9FF,-517,-230,-87
17/07/2021 19:21:09.884,111459,AM1V310 @324A36,28257,D6F94D008AFC,-1578,77,-886
17/07/2021 19:21:09.944,111519,AM1V310 @324A36,28263,35F8CE0095FA,-1995,206,-1387
17/07/2021 19:21:09.974,111548,AM1V310 @324A36,28269,D5FA1402C9FB,-1323,532,-1079
17/07/2021 19:21:10.034,111609,AM1V310 @324A36,28275,69FBE00021FF,-1175,224,-223
17/07/2021 19:21:10.095,111669,AM1V310 @324A36,28282,0E0073011300,14,371,19
17/07/2021 19:21:10.124,111699,AM1V310 @324A36,28288,020005010C00,2,261,12
17/07/2021 19:21:10.184,111759,AM1V310 @324A36,28294,4CFF0E009300,-180,14,147
17/07/2021 19:21:10.244,111819,AM1V310 @324A36,28300,BDFE5A0045FE,-323,90,-443
17/07/2021 19:21:10.274,111848,AM1V310 @324A36,28307,3AF8FD0058FD,-1990,253,-680
17/07/2021 19:21:10.334,111909,AM1V310 @324A36,28313,E5FAC301BDF9,-1307,451,-1603
17/07/2021 19:21:10.394,111969,AM1V310 @324A36,28319,32F80C003D00,-1998,12,61
17/07/2021 19:21:10.424,111999,AM1V310 @324A36,28325,72FDD4FE1BFF,-654,-300,-229
17/07/2021 19:21:10.484,112059,AM1V310 @324A36,28332,9B004FFFE500,155,-177,229
17/07/2021 19:21:10.544,112119,AM1V310 @324A36,28338,9A0136FFF7FF,410,-202,-9
17/07/2021 19:21:10.574,112148,AM1V310 @324A36,28344,97FE65FF0700,-361,-155,7
17/07/2021 19:21:10.634,112209,AM1V310 @324A36,28350,8AFAB9FFAAFC,-1398,-71,-854
17/07/2021 19:21:10.694,112269,AM1V310 @324A36,28357,36F8F20066FB,-1994,242,-1178
17/07/2021 19:21:10.724,112299,AM1V310 @324A36,28363,5FFA4602A6FA,-1441,582,-1370
17/07/2021 19:21:10.784,112359,AM1V310 @324A36,28369,FDFA47013EFE,-1283,327,-450
17/07/2021 19:21:10.844,112419,AM1V310 @324A36,28375,0BFE4D0128FF,-501,333,-216
17/07/2021 19:21:10.875,112449,AM1V310 @324A36,28382,3101230293FF,305,547,-109
17/07/2021 19:21:10.934,112509,AM1V310 @324A36,28388,3A0162009100,314,98,145
17/07/2021 19:21:10.994,112569,AM1V310 @324A36,28394,B3FD2BFF61FF,-589,-213,-159
17/07/2021 19:21:11.024,112599,AM1V310 @324A36,28400,32FBF5FFB4FC,-1230,-11,-844
17/07/2021 19:21:11.084,112659,AM1V310 @324A36,28407,39FBEE0153FA,-1223,494,-1453
17/07/2021 19:21:11.144,112719,AM1V310 @324A36,28413,32F8970080FE,-1998,151,-384
17/07/2021 19:21:11.175,112749,AM1V310 @324A36,28419,E5FC7CFF83FD,-795,-132,-637
17/07/2021 19:21:11.234,112809,AM1V310 @324A36,28425,F2FF82FF4201,-14,-126,322
17/07/2021 19:21:11.294,112869,AM1V310 @324A36,28432,770394FFD602,887,-108,726
17/07/2021 19:21:11.324,112899,AM1V310 @324A36,28438,89FEB4FE5EFF,-375,-332,-162
17/07/2021 19:21:11.384,112959,AM1V310 @324A36,28444,F4FB42FF43FD,-1036,-190,-701
17/07/2021 19:21:11.444,113019,AM1V310 @324A36,28450,32F8780171FC,-1998,376,-911
17/07/2021 19:21:11.474,113048,AM1V310 @324A36,28457,BAF8EF026AFA,-1862,751,-1430
17/07/2021 19:21:11.534,113109,AM1V310 @324A36,28463,19FC81019FFD,-999,385,-609
17/07/2021 19:21:11.594,113169,AM1V310 @324A36,28469,55FE620177FF,-427,354,-137
17/07/2021 19:21:11.624,113199,AM1V310 @324A36,28475,B803A901F9FE,952,425,-263
17/07/2021 19:21:11.684,113259,AM1V310 @324A36,28482,09FECD008AFF,-503,205,-118
17/07/2021 19:21:11.744,113319,AM1V310 @324A36,28488,53FD0E00B8FD,-685,14,-584
17/07/2021 19:21:11.774,113349,AM1V310 @324A36,28494,56F9A10029FD,-1706,161,-727
17/07/2021 19:21:11.834,113409,AM1V310 @324A36,28500,E9F95D015EFB,-1559,349,-1186
17/07/2021 19:21:11.894,113469,AM1V310 @324A36,28507,6BF8B1FF2FFF,-1941,-79,-209
17/07/2021 19:21:11.924,113499,AM1V310 @324A36,28513,F6FDA0FED8FF,-522,-352,-40
17/07/2021 19:21:11.984,113558,AM1V310 @324A36,28519,41007EFF1401,65,-130,276
17/07/2021 19:21:12.044,113619,AM1V310 @324A36,28525,0D0294FE6500,525,-364,101
17/07/2021 19:21:12.074,113649,AM1V310 @324A36,28532,E5FE21FFCFFF,-283,-223,-49
17/07/2021 19:21:12.134,113709,AM1V310 @324A36,28538,9BFAE3FF21FD,-1381,-29,-735
17/07/2021 19:21:12.194,113769,AM1V310 @324A36,28544,32F8490125FC,-1998,329,-987
17/07/2021 19:21:12.224,113798,AM1V310 @324A36,28550,FEFA7B02AAF9,-1282,635,-1622
17/07/2021 19:21:12.284,113859,AM1V310 @324A36,28557,5EFC5D0148FE,-930,349,-440
17/07/2021 19:21:12.344,113919,AM1V310 @324A36,28563,9DFDEB011800,-611,491,24
17/07/2021 19:21:12.374,113949,AM1V310 @324A36,28569,9D00030294FF,157,515,-108
17/07/2021 19:21:12.434,114009,AM1V310 @324A36,28575,1502B300C300,533,179,195
17/07/2021 19:21:12.494,114069,AM1V310 @324A36,28582,B3FB2BFD6EFE,-1101,-725,-402
17/07/2021 19:21:12.524,114099,AM1V310 @324A36,28588,CFFB520068FC,-1073,82,-920
17/07/2021 19:21:12.584,114159,AM1V310 @324A36,28594,B3F93E0303FA,-1613,830,-1533
17/07/2021 19:21:12.644,114219,AM1V310 @324A36,28600,32F809012000,-1998,265,32
17/07/2021 19:21:12.674,114249,AM1V310 @324A36,28607,C1FCC2FFFBFE,-831,-62,-261
17/07/2021 19:21:12.734,114309,AM1V310 @324A36,28613,4D01C1006CFF,333,193,-148
17/07/2021 19:21:12.794,114369,AM1V310 @324A36,28619,1D064DFFF701,1565,-179,503
17/07/2021 19:21:12.824,114399,AM1V310 @324A36,28625,EEFE77FE2001,-274,-393,288
17/07/2021 19:21:12.884,114459,AM1V310 @324A36,28632,78FA040493FC,-1416,1028,-877
17/07/2021 19:21:12.944,114519,AM1V310 @324A36,28638,32F88C065DFB,-1998,1676,-1187
17/07/2021 19:21:12.974,114548,AM1V310 @324A36,28644,7EF9560494FA,-1666,1110,-1388
17/07/2021 19:21:13.034,114609,AM1V310 @324A36,28650,52FEC10291FE,-430,705,-367
17/07/2021 19:21:13.094,114669,AM1V310 @324A36,28657,A4002A0385FF,164,810,-123
17/07/2021 19:21:13.124,114699,AM1V310 @324A36,28663,D001ED013401,464,493,308
17/07/2021 19:21:13.184,114759,AM1V310 @324A36,28669,88008200D6FF,136,130,-42
17/07/2021 19:21:13.244,114819,AM1V310 @324A36,28675,55F851FF1BFE,-1963,-175,-485
17/07/2021 19:21:13.274,114848,AM1V310 @324A36,28682,9EFCE80087FB,-866,232,-1145
17/07/2021 19:21:13.334,114909,AM1V310 @324A36,28688,D9F88C048BFB,-1831,1164,-1141
17/07/2021 19:21:13.394,114969,AM1V310 @324A36,28694,33F859013100,-1997,345,49
17/07/2021 19:21:13.424,114999,AM1V310 @324A36,28700,A9FDC9FFEFFE,-599,-55,-273
17/07/2021 19:21:13.484,115059,AM1V310 @324A36,28707,EC004A004AFF,236,74,-182
17/07/2021 19:21:13.544,115119,AM1V310 @324A36,28713,A3020CFFDE02,675,-244,734
17/07/2021 19:21:13.574,115149,AM1V310 @324A36,28719,2EFF5AFEFA00,-210,-422,250
17/07/2021 19:21:13.634,115209,AM1V310 @324A36,28725,65F8150074FC,-1947,21,-908
17/07/2021 19:21:13.694,115269,AM1V310 @324A36,28732,A4FBE60281F9,-1116,742,-1663
17/07/2021 19:21:13.724,115299,AM1V310 @324A36,28738,B6F8C30459FB,-1866,1219,-1191
17/07/2021 19:21:13.784,115359,AM1V310 @324A36,28744,0BFC8D0170FF,-1013,397,-144
17/07/2021 19:21:13.844,115419,AM1V310 @324A36,28750,ABFF5E03F6FE,-85,862,-266
17/07/2021 19:21:13.874,115449,AM1V310 @324A36,28757,1802C8024DFF,536,712,-179
17/07/2021 19:21:13.934,115509,AM1V310 @324A36,28763,7F017A002100,383,122,33
17/07/2021 19:21:13.994,115569,AM1V310 @324A36,28769,32F82EFE3000,-1998,-466,48
17/07/2021 19:21:14.024,115599,AM1V310 @324A36,28775,C3FC9A02F0FB,-829,666,-1040
17/07/2021 19:21:14.084,115659,AM1V310 @324A36,28782,46F9A5025DFB,-1722,677,-1187
17/07/2021 19:21:14.144,115719,AM1V310 @324A36,28788,84F879003400,-1916,121,52
17/07/2021 19:21:14.174,115748,AM1V310 @324A36,28794,6DFD74FF87FF,-659,-140,-121
17/07/2021 19:21:14.234,115809,AM1V310 @324A36,28800,19017600B8FF,281,118,-72
17/07/2021 19:21:14.294,115869,AM1V310 @324A36,28807,B2033AFFF802,946,-198,760
17/07/2021 19:21:14.324,115899,AM1V310 @324A36,28813,6AFF80FC6A00,-150,-896,106
17/07/2021 19:21:14.384,115959,AM1V310 @324A36,28819,82F91D0199FC,-1662,285,-871
17/07/2021 19:21:14.444,116019,AM1V310 @324A36,28825,18FA2F0633F8,-1512,1583,-1997
17/07/2021 19:21:14.474,116049,AM1V310 @324A36,28832,32F8730397FD,-1998,883,-617
17/07/2021 19:21:14.534,116109,AM1V310 @324A36,28838,7BFDB00373FF,-645,944,-141
17/07/2021 19:21:14.594,116169,AM1V310 @324A36,28844,760177058BFF,374,1399,-117
17/07/2021 19:21:14.624,116199,AM1V310 @324A36,28850,8602B5012101,646,437,289
17/07/2021 19:21:14.685,116259,AM1V310 @324A36,28857,C40029FE5BFF,196,-471,-165
17/07/2021 19:21:14.744,116319,AM1V310 @324A36,28863,32F808FFC2FD,-1998,-248,-574
17/07/2021 19:21:14.774,116348,AM1V310 @324A36,28869,76FACF0508FB,-1418,1487,-1272
17/07/2021 19:21:14.834,116409,AM1V310 @324A36,28875,32F83503B1FD,-1998,821,-591
17/07/2021 19:21:14.894,116469,AM1V310 @324A36,28882,23FDC10094FD,-733,193,-620
17/07/2021 19:21:14.924,116499,AM1V310 @324A36,28888,A3FFC4FF59FF,-93,-60,-167
17/07/2021 19:21:14.984,116559,AM1V310 @324A36,28894,A902B300EB01,681,179,491
17/07/2021 19:21:15.044,116619,AM1V310 @324A36,28900,37017EFEFA00,311,-386,250
17/07/2021 19:21:15.074,116649,AM1V310 @324A36,28907,41FA63FD43FE,-1471,-669,-445
17/07/2021 19:21:15.134,116710,AM1V310 @324A36,28913,DFF8E40126FC,-1825,484,-986
17/07/2021 19:21:15.194,116769,AM1V310 @324A36,28919,32F8E205AAF9,-1998,1506,-1622
17/07/2021 19:21:15.224,116799,AM1V310 @324A36,28925,95F9970372FD,-1643,919,-654
17/07/2021 19:21:15.284,116859,AM1V310 @324A36,28932,D1FE510373FF,-303,849,-141
17/07/2021 19:21:15.344,116919,AM1V310 @324A36,28938,9F0118044DFF,415,1048,-179
17/07/2021 19:21:15.374,116949,AM1V310 @324A36,28944,3702AF005801,567,175,344
17/07/2021 19:21:15.434,117009,AM1V310 @324A36,28950,5E00E4FFE9FF,94,-28,-23
17/07/2021 19:21:15.494,117069,AM1V310 @324A36,28957,32F8EB0065FE,-1998,235,-411
17/07/2021 19:21:15.524,117099,AM1V310 @324A36,28963,1FFCBF04D8F9,-993,1215,-1576
17/07/2021 19:21:15.584,117159,AM1V310 @324A36,28969,32F88702A4FE,-1998,647,-348
17/07/2021 19:21:15.645,117219,AM1V310 @324A36,28975,5BFCC700B7FC,-933,199,-841
17/07/2021 19:21:15.675,117249,AM1V310 @324A36,28982,F4FEACFFE5FE,-268,-84,-283
17/07/2021 19:21:15.734,117309,AM1V310 @324A36,28988,CA02FB003E04,714,251,1086
17/07/2021 19:21:15.794,117369,AM1V310 @324A36,28994,06008BFE9103,6,-373,913
17/07/2021 19:21:15.824,117399,AM1V310 @324A36,29000,53FDA2FFD2FD,-685,-94,-558
17/07/2021 19:21:15.884,117459,AM1V310 @324A36,29007,32F84D060AFC,-1998,1613,-1014
17/07/2021 19:21:15.945,117520,AM1V310 @324A36,29013,52F8FF0404F9,-1966,1279,-1788
17/07/2021 19:21:15.975,117549,AM1V310 @324A36,29019,3CFDED029FFC,-708,749,-865
17/07/2021 19:21:16.034,117609,AM1V310 @324A36,29025,ACFE3502FFFF,-340,565,-1
17/07/2021 19:21:16.094,117669,AM1V310 @324A36,29032,9900BB02CCFF,153,699,-52
17/07/2021 19:21:16.124,117699,AM1V310 @324A36,29038,61010D01D600,353,269,214
17/07/2021 19:21:16.184,117759,AM1V310 @324A36,29044,7A00910107FF,122,401,-249
17/07/2021 19:21:16.244,117819,AM1V310 @324A36,29050,A9F97601A3FD,-1623,374,-605
17/07/2021 19:21:16.274,117849,AM1V310 @324A36,29057,5BFC0C05B6FA,-933,1292,-1354
17/07/2021 19:21:16.334,117909,AM1V310 @324A36,29063,32F84E03D2FE,-1998,846,-302
17/07/2021 19:21:16.394,117969,AM1V310 @324A36,29069,85FDF700DBFC,-635,247,-805
17/07/2021 19:21:16.424,117998,AM1V310 @324A36,29075,BCFE57FF71FF,-324,-169,-143
17/07/2021 19:21:16.484,118059,AM1V310 @324A36,29082,79013000F602,377,48,758
17/07/2021 19:21:16.544,118119,AM1V310 @324A36,29088,A9FF7CFEC200,-87,-388,194
17/07/2021 19:21:16.574,118149,AM1V310 @324A36,29094,59FDA6001EFE,-679,166,-482
17/07/2021 19:21:16.634,118208,AM1V310 @324A36,29100,5AF83B07E6FC,-1958,1851,-794
17/07/2021 19:21:16.694,118269,AM1V310 @324A36,29107,30FAC50575FA,-1488,1477,-1419
17/07/2021 19:21:16.724,118299,AM1V310 @324A36,29113,85FD18038DFD,-635,792,-627
17/07/2021 19:21:16.784,118359,AM1V310 @324A36,29119,73FEF601A3FF,-397,502,-93
17/07/2021 19:21:16.844,118419,AM1V310 @324A36,29125,65007A03ABFF,101,890,-85
17/07/2021 19:21:16.874,118449,AM1V310 @324A36,29132,800161012700,384,353,39
17/07/2021 19:21:16.934,118509,AM1V310 @324A36,29138,AF018A00A300,431,138,163
17/07/2021 19:21:16.994,118569,AM1V310 @324A36,29144,32F8F0000B01,-1998,240,267
17/07/2021 19:21:17.024,118599,AM1V310 @324A36,29150,DAFC0B05B3FA,-806,1291,-1357
17/07/2021 19:21:17.084,118659,AM1V310 @324A36,29157,97F87104F2FB,-1897,1137,-1038
17/07/2021 19:21:17.144,118719,AM1V310 @324A36,29163,4CFCBF00F7FC,-948,191,-777
17/07/2021 19:21:17.174,118749,AM1V310 @324A36,29169,EBFE6FFF62FE,-277,-145,-414
17/07/2021 19:21:17.234,118809,AM1V310 @324A36,29175,8E00A800A1FF,142,168,-95
17/07/2021 19:21:17.294,118869,AM1V310 @324A36,29182,130262FFE703,531,-158,999
17/07/2021 19:21:17.324,118898,AM1V310 @324A36,29188,9AFB0BFEC6FE,-1126,-501,-314
17/07/2021 19:21:17.384,118959,AM1V310 @324A36,29194,88FBA201F3FB,-1144,418,-1037
17/07/2021 19:21:17.444,119019,AM1V310 @324A36,29200,32F8A907BEF9,-1998,1961,-1602
17/07/2021 19:21:17.475,119049,AM1V310 @324A36,29207,21FA8C0311FD,-1503,908,-751
17/07/2021 19:21:17.534,119109,AM1V310 @324A36,29213,37FFBB0253FE,-201,699,-429
17/07/2021 19:21:17.594,119169,AM1V310 @324A36,29219,70027D05A5FF,624,1405,-91
17/07/2021 19:21:17.624,119198,AM1V310 @324A36,29225,490180009905,329,128,1433
17/07/2021 19:21:17.684,119259,AM1V310 @324A36,29232,7B00B500EBFE,123,181,-277
17/07/2021 19:21:17.744,119319,AM1V310 @324A36,29238,7DF937035AFC,-1667,823,-934
17/07/2021 19:21:17.774,119348,AM1V310 @324A36,29244,56F85305CAF9,-1962,1363,-1590
17/07/2021 19:21:17.834,119408,AM1V310 @324A36,29250,F9F87F03D7FA,-1799,895,-1321
17/07/2021 19:21:17.894,119469,AM1V310 @324A36,29257,6CFE87FF32FE,-404,-121,-462
17/07/2021 19:21:17.924,119499,AM1V310 @324A36,29263,03FF5EFFD7FF,-253,-162,-41
17/07/2021 19:21:17.984,119559,AM1V310 @324A36,29269,C6027AFFD701,710,-134,471
17/07/2021 19:21:18.044,119619,AM1V310 @324A36,29275,C0FEC9FE3E00,-320,-311,62
17/07/2021 19:21:18.074,119649,AM1V310 @324A36,29282,92FB7F0092FD,-1134,127,-622
17/07/2021 19:21:18.134,119709,AM1V310 @324A36,29288,32F87F0590FC,-1998,1407,-880
17/07/2021 19:21:18.194,119769,AM1V310 @324A36,29294,5DF9D003DBF8,-1699,976,-1829
17/07/2021 19:21:18.224,119799,AM1V310 @324A36,29300,34FC0B0289FE,-972,523,-375
17/07/2021 19:21:18.284,119859,AM1V310 @324A36,29307,C2FEBD028E00,-318,701,142
17/07/2021 19:21:18.344,119919,AM1V310 @324A36,29313,180244030B00,536,836,11
17/07/2021 19:21:18.374,119949,AM1V310 @324A36,29319,8F020C01C9FF,655,268,-55
17/07/2021 19:21:18.434,120009,AM1V310 @324A36,29325,92FF76FF7FFE,-110,-138,-385
17/07/2021 19:21:18.494,120069,AM1V310 @324A36,29332,5AFCCA04F4FD,-934,1226,-524
17/07/2021 19:21:18.524,120099,AM1V310 @324A36,29338,D7F97004CBF8,-1577,1136,-1845
17/07/2021 19:21:18.584,120159,AM1V310 @324A36,29344,32F80002EEFD,-1998,512,-530
17/07/2021 19:21:18.644,120219,AM1V310 @324A36,29350,23FEA3FF80FE,-477,-93,-384
17/07/2021 19:21:18.674,120249,AM1V310 @324A36,29357,47005E00CCFF,71,94,-52
17/07/2021 19:21:18.734,120309,AM1V310 @324A36,29363,1B047BFF1103,1051,-133,785
17/07/2021 19:21:18.794,120369,AM1V310 @324A36,29369,50FD51FE6300,-688,-431,99
17/07/2021 19:21:18.824,120399,AM1V310 @324A36,29375,37FCC103B3FC,-969,961,-845
17/07/2021 19:21:18.885,120459,AM1V310 @324A36,29382,32F8CD0723FA,-1998,1997,-1501
17/07/2021 19:21:18.944,120519,AM1V310 @324A36,29388,E7FBA004CCFB,-1049,1184,-1076
17/07/2021 19:21:18.974,120549,AM1V310 @324A36,29394,64FE3A024AFE,-412,570,-438
17/07/2021 19:21:19.034,120609,AM1V310 @324A36,29400,42005A03CAFF,66,858,-54
17/07/2021 19:21:19.094,120669,AM1V310 @324A36,29407,20024002B001,544,576,432
17/07/2021 19:21:19.124,120699,AM1V310 @324A36,29413,0901EC00AA00,265,236,170
17/07/2021 19:21:19.184,120759,AM1V310 @324A36,29419,D5FA970219FD,-1323,663,-743
17/07/2021 19:21:19.244,120819,AM1V310 @324A36,29425,32F81C0713FA,-1998,1820,-1517
17/07/2021 19:21:19.274,120849,AM1V310 @324A36,29432,30FAB50310F9,-1488,949,-1776
17/07/2021 19:21:19.334,120909,AM1V310 @324A36,29438,45FD16005EFD,-699,22,-674
17/07/2021 19:21:19.394,120969,AM1V310 @324A36,29444,A2FD80FE1201,-606,-384,274
17/07/2021 19:21:19.424,120999,AM1V310 @324A36,29450,ACFF67FFCD01,-84,-153,461
17/07/2021 19:21:19.484,121059,AM1V310 @324A36,29457,4B0383FEC100,843,-381,193
17/07/2021 19:21:19.544,121119,AM1V310 @324A36,29463,60FD0B0063FF,-672,11,-157
17/07/2021 19:21:19.574,121148,AM1V310 @324A36,29469,32F8920626FC,-1998,1682,-986
17/07/2021 19:21:19.634,121209,AM1V310 @324A36,29475,6AFAB605ADF9,-1430,1462,-1619
17/07/2021 19:21:19.694,121269,AM1V310 @324A36,29482,69FC6D039FFD,-919,877,-609
17/07/2021 19:21:19.724,121299,AM1V310 @324A36,29488,E4FDDA012EFF,-540,474,-210
17/07/2021 19:21:19.784,121359,AM1V310 @324A36,29494,130065030E00,19,869,14
17/07/2021 19:21:19.844,121419,AM1V310 @324A36,29500,2D0261016600,557,353,102
17/07/2021 19:21:19.874,121449,AM1V310 @324A36,29507,8B01FE001B00,395,254,27
17/07/2021 19:21:19.934,121509,AM1V310 @324A36,29513,32F80002B6FE,-1998,512,-330
17/07/2021 19:21:19.994,121569,AM1V310 @324A36,29519,CBFA880633F9,-1333,1672,-1741
17/07/2021 19:21:20.024,121599,AM1V310 @324A36,29525,32F88A0392FD,-1998,906,-622
17/07/2021 19:21:20.084,121659,AM1V310 @324A36,29532,84FD0D01E9FC,-636,269,-791
17/07/2021 19:21:20.144,121719,AM1V310 @324A36,29538,F1FE8BFF6CFF,-271,-117,-148
17/07/2021 19:21:20.184,121759,AM1V310 @324A36,29544,E701F7FFA903,487,-9,937
17/07/2021 19:21:20.234,121808,AM1V310 @324A36,29550,BA0059FEA601,186,-423,422
17/07/2021 19:21:20.294,121868,AM1V310 @324A36,29557,DAFE01FFF0FE,-294,-255,-272
17/07/2021 19:21:20.324,121899,AM1V310 @324A36,29563,32F82B0502FC,-1998,1323,-1022
17/07/2021 19:21:20.384,121959,AM1V310 @324A36,29569,FCFAD3041DFB,-1284,1235,-1251
17/07/2021 19:21:20.444,122019,AM1V310 @324A36,29575,31FCB904EDFA,-975,1209,-1299
17/07/2021 19:21:20.474,122048,AM1V310 @324A36,29582,51FDB30251FF,-687,691,-175
17/07/2021 19:21:20.534,122109,AM1V310 @324A36,29588,10FF0C04D301,-240,1036,467
17/07/2021 19:21:20.594,122169,AM1V310 @324A36,29594,E4011F020201,484,543,258
17/07/2021 19:21:20.624,122199,AM1V310 @324A36,29600,81023C011E00,641,316,30
17/07/2021 19:21:20.684,122259,AM1V310 @324A36,29607,C8FD7E0183FE,-568,382,-381
17/07/2021 19:21:20.744,122319,AM1V310 @324A36,29613,32F859076EFD,-1998,1881,-658
17/07/2021 19:21:20.774,122349,AM1V310 @324A36,29619,58FA030465F8,-1448,1027,-1947
17/07/2021 19:21:20.834,122409,AM1V310 @324A36,29625,E0FBC600BAFE,-1056,198,-326
17/07/2021 19:21:20.894,122469,AM1V310 @324A36,29632,B5FDB2FEC500,-587,-334,197
17/07/2021 19:21:20.924,122498,AM1V310 @324A36,29638,14FFCFFEBAFF,-236,-305,-70
17/07/2021 19:21:20.984,122559,AM1V310 @324A36,29644,EC008EFEE4FF,236,-370,-28
17/07/2021 19:21:21.044,122619,AM1V310 @324A36,29650,CD00FAFE9800,205,-262,152
17/07/2021 19:21:21.074,122649,AM1V310 @324A36,29657,32F8B803A9FD,-1998,952,-599
17/07/2021 19:21:21.134,122709,AM1V310 @324A36,29663,A2FBC1046EFB,-1118,1217,-1170
17/07/2021 19:21:21.194,122769,AM1V310 @324A36,29669,C3FB120584F9,-1085,1298,-1660
17/07/2021 19:21:21.224,122799,AM1V310 @324A36,29675,06FD5E035AFF,-762,862,-166
17/07/2021 19:21:21.284,122859,AM1V310 @324A36,29682,53FFD6042F02,-173,1238,559
17/07/2021 19:21:21.345,122920,AM1V310 @324A36,29688,7B024903BA01,635,841,442
17/07/2021 19:21:21.374,122949,AM1V310 @324A36,29694,AA015401E3FE,426,340,-285
17/07/2021 19:21:21.434,123009,AM1V310 @324A36,29700,36FD3C0304FE,-714,828,-508
17/07/2021 19:21:21.494,123069,AM1V310 @324A36,29707,32F8C7079FFE,-1998,1991,-353
17/07/2021 19:21:21.524,123099,AM1V310 @324A36,29713,30FCB70212FA,-976,695,-1518
17/07/2021 19:21:21.584,123159,AM1V310 @324A36,29719,49FC81FF42FE,-951,-127,-446
17/07/2021 19:21:21.644,123219,AM1V310 @324A36,29725,53FCE9FE9D01,-941,-279,413
17/07/2021 19:21:21.674,123249,AM1V310 @324A36,29732,100033FFFE00,16,-205,254
17/07/2021 19:21:21.734,123309,AM1V310 @324A36,29738,C0FFD4FFFDFE,-64,-44,-259
17/07/2021 19:21:21.794,123369,AM1V310 @324A36,29744,63FCA80376FE,-925,936,-394
17/07/2021 19:21:21.825,123399,AM1V310 @324A36,29750,BCF9700645FD,-1604,1648,-699
17/07/2021 19:21:21.884,123459,AM1V310 @324A36,29757,7CF9D3042EFD,-1668,1235,-722
17/07/2021 19:21:21.944,123520,AM1V310 @324A36,29763,98FC2803CEFE,-872,808,-306
17/07/2021 19:21:21.974,123548,AM1V310 @324A36,29769,CFFED1028EFF,-305,721,-114
20
17/07/2021 19:19:52.424,33999,AM1V310 @324A36,18572,7FFC72FEEAFD,-897,-398,-534
17/07/2021 19:19:52.454,34029,AM1V310 @324A36,18578,4FFC4BFE89FD,-945,-437,-631
17/07/2021 19:19:52.514,34089,AM1V310 @324A36,18584,4BFD68FE92FE,-693,-408,-366
17/07/2021 19:19:52.574,34149,AM1V310 @324A36,18590,A4FE73FEF1FE,-348,-397,-271
17/07/2021 19:19:52.604,34179,AM1V310 @324A36,18597,BBFE77FE3AFF,-325,-393,-198
17/07/2021 19:19:52.664,34239,AM1V310 @324A36,18603,13FEFFFDEAFE,-493,-513,-278
17/07/2021 19:19:52.724,34299,AM1V310 @324A36,18609,C3FD92FD1EFF,-573,-622,-226
17/07/2021 19:19:52.754,34329,AM1V310 @324A36,18615,06FE22FDF6FE,-506,-734,-266
17/07/2021 19:19:52.814,34389,AM1V310 @324A36,18622,91FD8EFC30FE,-623,-882,-464
17/07/2021 19:19:52.874,34449,AM1V310 @324A36,18628,69FC76FC63FD,-919,-906,-669
17/07/2021 19:19:52.904,34478,AM1V310 @324A36,18634,50FC36FC88FC,-944,-970,-888
17/07/2021 19:19:52.964,34539,AM1V310 @324A36,18640,BAFDAFFD23FC,-582,-593,-989
17/07/2021 19:19:53.024,34599,AM1V310 @324A36,18647,8CFC30FE1FFD,-884,-464,-737
17/07/2021 19:19:53.054,34628,AM1V310 @324A36,18653,6EFB6EFE45FE,-1170,-402,-443
17/07/2021 19:19:53.114,34689,AM1V310 @324A36,18659,00006FFED5FE,0,-401,-299
17/07/2021 19:19:53.174,34749,AM1V310 @324A36,18665,C7FE92FE47FF,-313,-366,-185
17/07/2021 19:19:53.204,34778,AM1V310 @324A36,18672,CEFD6EFEF9FD,-562,-402,-519
17/07/2021 19:19:53.264,34839,AM1V310 @324A36,18678,10FE35FEA0FE,-496,-459,-352
17/07/2021 19:19:53.324,34899,AM1V310 @324A36,18684,B2FDCAFD0CFE,-590,-566,-500
17/07/2021 19:19:53.354,34928,AM1V310 @324A36,18690,92FC50FDA9FD,-878,-688,-599
17/07/2021 19:19:53.414,34989,AM1V310 @324A36,18697,4CFCF4FC46FD,-948,-780,-698
17/07/2021 19:19:53.474,35049,AM1V310 @324A36,18703,9FFBF2FDE7FD,-1121,-526,-537
17/07/2021 19:19:53.504,35079,AM1V310 @324A36,18709,C7FC43FE12FD,-825,-445,-750
17/07/2021 19:19:53.564,35138,AM1V310 @324A36,18715,9EFCDDFD3CFD,-866,-547,-708
17/07/2021 19:19:53.624,35198,AM1V310 @324A36,18722,6BFE21FE8AFE,-405,-479,-374
17/07/2021 19:19:53.653,35228,AM1V310 @324A36,18728,B7FEABFEE4FE,-329,-341,-284
17/07/2021 19:19:53.714,35289,AM1V310 @324A36,18734,42FE71FEC7FE,-446,-399,-313
17/07/2021 19:19:53.774,35349,AM1V310 @324A36,18740,1BFEF3FDE8FE,-485,-525,-280
17/07/2021 19:19:53.804,35379,AM1V310 @324A36,18747,0CFE7BFDE4FE,-500,-645,-284
17/07/2021 19:19:53.864,35439,AM1V310 @324A36,18753,DEFD1AFD6EFE,-546,-742,-402
17/07/2021 19:19:53.924,35499,AM1V310 @324A36,18759,FBFC83FC7FFD,-773,-893,-641
17/07/2021 19:19:53.954,35529,AM1V310 @324A36,18765,C5FCA5FC68FD,-827,-859,-664
17/07/2021 19:19:54.014,35589,AM1V310 @324A36,18772,87FD6FFCF8FC,-633,-913,-776
17/07/2021 19:19:54.074,35649,AM1V310 @324A36,18778,A6FDF7FC92FC,-602,-777,-878
17/07/2021 19:19:54.104,35679,AM1V310 @324A36,18784,59FC46FDEDFC,-935,-698,-787
17/07/2021 19:19:54.164,35739,AM1V310 @324A36,18790,3CFE1BFED6FE,-452,-485,-298
17/07/2021 19:19:54.224,35799,AM1V310 @324A36,18797,86FF4CFE45FF,-122,-436,-187
17/07/2021 19:19:54.254,35828,AM1V310 @324A36,18803,9DFE4CFEC2FE,-355,-436,-318
17/07/2021 19:19:54.344,35919,AM1V310 @324A36,18809,38FEE4FD6AFE,-456,-540,-406
17/07/2021 19:19:54.374,35948,AM1V310 @324A36,18815,30FEA0FD54FE,-464,-608,-428
17/07/2021 19:19:54.404,35979,AM1V310 @324A36,18822,3EFD12FDD7FD,-706,-750,-553
17/07/2021 19:19:54.464,36039,AM1V310 @324A36,18828,0BFDEDFCF8FD,-757,-787,-520
17/07/2021 19:19:54.524,36099,AM1V310 @324A36,18834,20FCA1FCAEFD,-992,-863,-594
17/07/2021 19:19:54.554,36128,AM1V310 @324A36,18840,A8FC80FDCCFD,-856,-640,-564
17/07/2021 19:19:54.614,36189,AM1V310 @324A36,18847,28FDB5FDEAFD,-728,-587,-534
17/07/2021 19:19:54.674,36249,AM1V310 @324A36,18853,03FDC4FD46FD,-765,-572,-698
17/07/2021 19:19:54.704,36278,AM1V310 @324A36,18859,9BFE19FE30FF,-357,-487,-208
17/07/2021 19:19:54.764,36339,AM1V310 @324A36,18865,CBFE71FEDEFE,-309,-399,-290
17/07/2021 19:19:54.824,36399,AM1V310 @324A36,18872,64FE26FE1AFF,-412,-474,-230
17/07/2021 19:19:54.854,36428,AM1V310 @324A36,18878,16FEBCFDDBFE,-490,-580,-293
17/07/2021 19:19:54.914,36489,AM1V310 @324A36,18884,09FE54FD1FFF,-503,-684,-225
17/07/2021 19:19:54.974,36549,AM1V310 @324A36,18890,D1FDB4FC77FE,-559,-844,-393
17/07/2021 19:19:55.003,36578,AM1V310 @324A36,18897,D6FC67FC8BFD,-810,-921,-629
17/07/2021 19:19:55.064,36639,AM1V310 @324A36,18903,8AFC2EFC46FD,-886,-978,-698
17/07/2021 19:19:55.124,36699,AM1V310 @324A36,18909,EDFD78FC2CFD,-531,-904,-724
17/07/2021 19:19:55.153,36728,AM1V310 @324A36,18915,2CFEDDFC95FD,-468,-803,-619
17/07/2021 19:19:55.214,36789,AM1V310 @324A36,18922,32FC04FD00FD,-974,-764,-768
17/07/2021 19:19:55.274,36849,AM1V310 @324A36,18928,99FE11FEB4FE,-359,-495,-332
17/07/2021 19:19:55.304,36879,AM1V310 @324A36,18934,8CFF50FE56FF,-116,-432,-170
17/07/2021 19:19:55.364,36939,AM1V310 @324A36,18940,5AFE6BFEBBFE,-422,-405,-325
17/07/2021 19:19:55.424,36999,AM1V310 @324A36,18947,4EFEF0FDA7FE,-434,-528,-345
17/07/2021 19:19:55.454,37029,AM1V310 @324A36,18953,55FE9FFD80FE,-427,-609,-384
17/07/2021 19:19:55.514,37089,AM1V310 @324A36,18959,17FD23FD30FE,-745,-733,-464
17/07/2021 19:19:55.574,37149,AM1V310 @324A36,18965,27FC2FFD5EFD,-985,-721,-674
17/07/2021 19:19:55.603,37178,AM1V310 @324A36,18972,DAFB2AFD51FD,-1062,-726,-687
17/07/2021 19:19:55.664,37238,AM1V310 @324A36,18978,71FC18FEC4FD,-911,-488,-572
17/07/2021 19:19:55.724,37299,AM1V310 @324A36,18984,37FCF8FD26FE,-969,-520,-474
17/07/2021 19:19:55.754,37328,AM1V310 @324A36,18990,58FDECFD1DFE,-680,-532,-483
17/07/2021 19:19:55.814,37389,AM1V310 @324A36,18997,B0FE2CFEE1FE,-336,-468,-287
17/07/2021 19:19:55.874,37449,AM1V310 @324A36,19003,80FE37FEE4FE,-384,-457,-284
17/07/2021 19:19:55.903,37478,AM1V310 @324A36,19009,53FE08FEE6FE,-429,-504,-282
17/07/2021 19:19:55.964,37538,AM1V310 @324A36,19015,02FEB5FDFDFE,-510,-587,-259
17/07/2021 19:19:56.024,37599,AM1V310 @324A36,19022,C3FD1EFD0EFF,-573,-738,-242
17/07/2021 19:19:56.054,37628,AM1V310 @324A36,19028,C4FDC2FC11FE,-572,-830,-495
17/07/2021 19:19:56.113,37688,AM1V310 @324A36,19034,03FC90FC42FD,-1021,-880,-702
17/07/2021 19:19:56.174,37749,AM1V310 @324A36,19040,19FD82FC1EFD,-743,-894,-738
17/07/2021 19:19:56.204,37778,AM1V310 @324A36,19047,F7FD12FD92FD,-521,-750,-622
17/07/2021 19:19:56.264,37839,AM1V310 @324A36,19053,2DFDF5FC07FD,-723,-779,-761
17/07/2021 19:19:56.324,37899,AM1V310 @324A36,19059,C8FC89FDC2FD,-824,-631,-574
17/07/2021 19:19:56.353,37928,AM1V310 @324A36,19065,C2FE30FE94FE,-318,-464,-364
17/07/2021 19:19:56.414,37989,AM1V310 @324A36,19072,99FE86FE27FF,-359,-378,-217
17/07/2021 19:19:56.474,38049,AM1V310 @324A36,19078,91FE3BFE52FE,-367,-453,-430
17/07/2021 19:19:56.504,38079,AM1V310 @324A36,19084,60FEE8FD98FE,-416,-536,-360
17/07/2021 19:19:56.564,38139,AM1V310 @324A36,19090,FAFDB3FD21FE,-518,-589,-479
17/07/2021 19:19:56.624,38199,AM1V310 @324A36,19097,F4FC0EFDD4FD,-780,-754,-556
17/07/2021 19:19:56.654,38228,AM1V310 @324A36,19103,F6FCEAFCFBFD,-778,-790,-517
17/07/2021 19:19:56.714,38289,AM1V310 @324A36,19109,54FCD9FCA0FD,-940,-807,-608
17/07/2021 19:19:56.774,38349,AM1V310 @324A36,19115,07FDFFFD2EFD,-761,-513,-722
17/07/2021 19:19:56.804,38379,AM1V310 @324A36,19122,9BFCFAFD34FE,-869,-518,-460
17/07/2021 19:19:56.864,38439,AM1V310 @324A36,19128,E7FCEEFD5BFD,-793,-530,-677
17/07/2021 19:19:56.924,38499,AM1V310 @324A36,19134,EEFE14FEF0FE,-274,-492,-272
17/07/2021 19:19:56.954,38529,AM1V310 @324A36,19140,A7FE4CFEA5FE,-345,-436,-347
17/07/2021 19:19:57.014,38588,AM1V310 @324A36,19147,1CFE2CFEACFE,-484,-468,-340
17/07/2021 19:19:57.074,38649,AM1V310 @324A36,19153,01FEB3FD75FE,-511,-589,-395
17/07/2021 19:19:57.104,38678,AM1V310 @324A36,19159,CAFD6AFDF6FE,-566,-662,-266
17/07/2021 19:19:57.164,38739,AM1V310 @324A36,19165,E1FD00FD5EFE,-543,-768,-418
17/07/2021 19:19:57.224,38799,AM1V310 @324A36,19172,ACFC8FFC62FD,-852,-881,-670
17/07/2021 19:19:57.254,38829,AM1V310 @324A36,19178,AFFCABFC57FD,-849,-853,-681
17/07/2021 19:19:57.314,38889,AM1V310 @324A36,19184,F3FD9CFC20FD,-525,-868,-736
17/07/2021 19:19:57.403,38979,AM1V310 @324A36,19190,16FD37FD90FC,-746,-713,-880
17/07/2021 19:19:57.438,39013,AM1V310 @324A36,19197,75FCBFFD93FD,-907,-577,-621
17/07/2021 19:19:57.464,39039,AM1V310 @324A36,19203,0EFE39FEAAFE,-498,-455,-342
17/07/2021 19:19:57.524,39098,AM1V310 @324A36,19209,EDFE69FEFBFE,-275,-407,-261
17/07/2021 19:19:57.554,39128,AM1V310 @324A36,19215,43FE54FE85FE,-445,-428,-379
17/07/2021 19:19:57.614,39189,AM1V310 @324A36,19222,16FEF9FD7AFE,-490,-519,-390
17/07/2021 19:19:57.674,39249,AM1V310 @324A36,19228,42FEC9FD6BFE,-446,-567,-405
17/07/2021 19:19:57.704,39278,AM1V310 @324A36,19234,A3FC3EFD0DFE,-861,-706,-499
17/07/2021 19:19:57.764,39339,AM1V310 @324A36,19240,29FD2BFDDBFD,-727,-725,-549
17/07/2021 19:19:57.824,39399,AM1V310 @324A36,19247,93FB95FD8CFD,-1133,-619,-628
17/07/2021 19:19:57.854,39428,AM1V310 @324A36,19253,F1FCE7FD66FD,-783,-537,-666
17/07/2021 19:19:57.914,39489,AM1V310 @324A36,19259,EAFCE3FD3EFE,-790,-541,-450
17/07/2021 19:19:57.974,39549,AM1V310 @324A36,19265,FFFC8EFD86FD,-769,-626,-634
17/07/2021 19:19:58.004,39578,AM1V310 @324A36,19272,A4FEE5FDDBFE,-348,-539,-293
17/07/2021 19:19:58.064,39639,AM1V310 @324A36,19278,B9FE4FFEECFE,-327,-433,-276
17/07/2021 19:19:58.123,39698,AM1V310 @324A36,19284,4DFE57FEEBFE,-435,-425,-277
17/07/2021 19:19:58.154,39729,AM1V310 @324A36,19290,D7FDC8FDC9FE,-553,-568,-311
17/07/2021 19:19:58.214,39789,AM1V310 @324A36,19297,C9FD58FDB7FE,-567,-680,-329
17/07/2021 19:19:58.274,39849,AM1V310 @324A36,19303,55FEE2FC49FE,-427,-798,-439
17/07/2021 19:19:58.304,39878,AM1V310 @324A36,19309,DEFC9DFC69FD,-802,-867,-663
17/07/2021 19:19:58.363,39938,AM1V310 @324A36,19315,BBFC69FC5BFD,-837,-919,-677
17/07/2021 19:19:58.424,39998,AM1V310 @324A36,19322,C9FD4FFC44FD,-567,-945,-700
17/07/2021 19:19:58.454,40028,AM1V310 @324A36,19328,EAFDAFFC19FD,-534,-849,-743
17/07/2021 19:19:58.513,40088,AM1V310 @324A36,19334,84FC31FD19FD,-892,-719,-743
17/07/2021 19:19:58.574,40149,AM1V310 @324A36,19340,23FE0FFE28FE,-477,-497,-472
17/07/2021 19:19:58.604,40179,AM1V310 @324A36,19347,E9FE6FFE2AFF,-279,-401,-214
17/07/2021 19:19:58.664,40238,AM1V310 @324A36,19353,CEFE68FE97FE,-306,-408,-361
17/07/2021 19:19:58.724,40299,AM1V310 @324A36,19359,3AFE21FE76FE,-454,-479,-394
17/07/2021 19:19:58.754,40329,AM1V310 @324A36,19365,4CFEF9FD94FE,-436,-519,-364
17/07/2021 19:19:58.814,40389,AM1V310 @324A36,19372,97FD72FDE5FD,-617,-654,-539
17/07/2021 19:19:58.874,40449,AM1V310 @324A36,19378,34FCE5FCDBFD,-972,-795,-549
17/07/2021 19:19:58.904,40479,AM1V310 @324A36,19384,A5FC26FD06FD,-859,-730,-762
17/07/2021 19:19:58.964,40539,AM1V310 @324A36,19390,B1FBDEFD23FE,-1103,-546,-477
17/07/2021 19:19:58.994,40568,AM1V310 @324A36,19397,59FD0DFE7AFD,-679,-499,-646
17/07/2021 19:19:59.054,40629,AM1V310 @324A36,19403,6AFCD0FD7BFD,-918,-560,-645
17/07/2021 19:19:59.114,40689,AM1V310 @324A36,19409,45FE0DFEC3FE,-443,-499,-317
17/07/2021 19:19:59.144,40718,AM1V310 @324A36,19415,BFFE6DFEE0FE,-321,-403,-288
17/07/2021 19:19:59.204,40779,AM1V310 @324A36,19422,8FFE5FFED7FE,-369,-417,-297
17/07/2021 19:19:59.264,40839,AM1V310 @324A36,19428,FAFDFBFD01FF,-518,-517,-255
17/07/2021 19:19:59.294,40869,AM1V310 @324A36,19434,EFFD85FDCDFE,-529,-635,-307
17/07/2021 19:19:59.354,40929,AM1V310 @324A36,19440,E2FDF1FC99FE,-542,-783,-359
17/07/2021 19:19:59.414,40989,AM1V310 @324A36,19447,D1FCAFFC5CFD,-815,-849,-676
17/07/2021 19:19:59.444,41019,AM1V310 @324A36,19453,A8FCA9FC5BFD,-856,-855,-677
17/07/2021 19:19:59.504,41079,AM1V310 @324A36,19459,E3FC58FCD2FC,-797,-936,-814
17/07/2021 19:19:59.564,41139,AM1V310 @324A36,19465,67FEFCFC40FD,-409,-772,-704
17/07/2021 19:19:59.594,41169,AM1V310 @324A36,19472,82FC5FFDFFFC,-894,-673,-769
17/07/2021 19:19:59.654,41229,AM1V310 @324A36,19478,A8FD1BFE6EFE,-600,-485,-402
17/07/2021 19:19:59.714,41289,AM1V310 @324A36,19484,D9FF47FE12FF,-39,-441,-238
17/07/2021 19:19:59.744,41319,AM1V310 @324A36,19490,3CFE61FEF6FE,-452,-415,-266
17/07/2021 19:19:59.804,41379,AM1V310 @324A36,19497,40FE01FE41FE,-448,-511,-447
17/07/2021 19:19:59.864,41440,AM1V310 @324A36,19503,78FED5FDB1FE,-392,-555,-335
17/07/2021 19:19:59.894,41468,AM1V310 @324A36,19509,77FD6AFD3CFE,-649,-662,-452
17/07/2021 19:19:59.954,41529,AM1V310 @324A36,19515,B8FCFDFC04FE,-840,-771,-508
17/07/2021 19:20:00.014,41588,AM1V310 @324A36,19522,D2FC9AFCDBFD,-814,-870,-549
17/07/2021 19:20:00.044,41618,AM1V310 @324A36,19528,DAFA0CFDBEFD,-1318,-756,-578
17/07/2021 19:20:00.104,41679,AM1V310 @324A36,19534,D4FCBEFDEFFD,-812,-578,-529
17/07/2021 19:20:00.164,41739,AM1V310 @324A36,19540,91FCF8FD15FD,-879,-520,-747
17/07/2021 19:20:00.194,41768,AM1V310 @324A36,19547,49FE29FE15FF,-439,-471,-235
17/07/2021 19:20:00.254,41829,AM1V310 @324A36,19553,B8FE71FECBFE,-328,-399,-309
17/07/2021 19:20:00.314,41889,AM1V310 @324A36,19559,87FE58FE13FF,-377,-424,-237
17/07/2021 19:20:00.344,41918,AM1V310 @324A36,19565,F2FDD9FDE7FE,-526,-551,-281
17/07/2021 19:20:00.404,41979,AM1V310 @324A36,19572,E0FD78FD1AFF,-544,-648,-230
17/07/2021 19:20:00.464,42039,AM1V310 @324A36,19578,E4FD09FD89FE,-540,-759,-375
17/07/2021 19:20:00.494,42069,AM1V310 @324A36,19584,50FDC3FCB8FD,-688,-829,-584
17/07/2021 19:20:00.554,42129,AM1V310 @324A36,19590,4BFC80FC28FD,-949,-896,-728
17/07/2021 19:20:00.614,42189,AM1V310 @324A36,19597,DEFC23FCD7FC,-802,-989,-809
17/07/2021 19:20:00.644,42218,AM1V310 @324A36,19603,7FFE06FDC8FD,-385,-762,-568
17/07/2021 19:20:00.704,42279,AM1V310 @324A36,19609,B5FC46FD4EFD,-843,-698,-690
17/07/2021 19:20:00.764,42339,AM1V310 @324A36,19615,8DFDE2FD0FFE,-627,-542,-497
17/07/2021 19:20:00.794,42369,AM1V310 @324A36,19622,F6FE45FEF2FE,-266,-443,-270
17/07/2021 19:20:00.854,42429,AM1V310 @324A36,19628,75FE50FEB2FE,-395,-432,-334
17/07/2021 19:20:00.914,42489,AM1V310 @324A36,19634,FCFDF3FD3EFE,-516,-525,-450
17/07/2021 19:20:00.944,42519,AM1V310 @324A36,19640,67FEE1FDB3FE,-409,-543,-333
17/07/2021 19:20:01.004,42579,AM1V310 @324A36,19647,A2FD76FD2CFE,-606,-650,-468
17/07/2021 19:20:01.064,42639,AM1V310 @324A36,19653,F0FC0BFD12FE,-784,-757,-494
17/07/2021 19:20:01.093,42668,AM1V310 @324A36,19659,F2FCF5FC85FD,-782,-779,-635
17/07/2021 19:20:01.154,42728,AM1V310 @324A36,19665,7FFB14FDD4FD,-1153,-748,-556
17/07/2021 19:20:01.214,42789,AM1V310 @324A36,19672,9BFD08FE79FD,-613,-504,-647
17/07/2021 19:20:01.244,42818,AM1V310 @324A36,19678,89FBE0FD58FD,-1143,-544,-680
17/07/2021 19:20:01.304,42879,AM1V310 @324A36,19684,2CFEE7FDBAFE,-468,-537,-326
17/07/2021 19:20:01.364,42939,AM1V310 @324A36,19690,CBFE38FEE5FE,-309,-456,-283
17/07/2021 19:20:01.394,42969,AM1V310 @324A36,19697,A5FE49FEEBFE,-347,-439,-277
17/07/2021 19:20:01.454,43029,AM1V310 @324A36,19703,32FEE5FD2BFF,-462,-539,-213
17/07/2021 19:20:01.514,43089,AM1V310 @324A36,19709,DEFD90FDD2FE,-546,-624,-302
17/07/2021 19:20:01.544,43118,AM1V310 @324A36,19715,06FEFEFC4BFF,-506,-770,-181
17/07/2021 19:20:01.604,43179,AM1V310 @324A36,19722,7DFD8AFC11FE,-643,-886,-495
17/07/2021 19:20:01.664,43239,AM1V310 @324A36,19728,5BFC84FCE0FD,-933,-892,-544
17/07/2021 19:20:01.694,43269,AM1V310 @324A36,19734,F2FC06FC39FD,-782,-1018,-711
17/07/2021 19:20:01.754,43329,AM1V310 @324A36,19740,25FECBFC65FD,-475,-821,-667
17/07/2021 19:20:01.814,43389,AM1V310 @324A36,19747,3DFD00FD48FD,-707,-768,-696
17/07/2021 19:20:01.844,43419,AM1V310 @324A36,19753,B2FC85FDB6FD,-846,-635,-586
17/07/2021 19:20:01.904,43479,AM1V310 @324A36,19759,C9FE33FECBFE,-311,-461,-309
17/07/2021 19:20:01.964,43539,AM1V310 @324A36,19765,ECFE4FFE2AFF,-276,-433,-214
17/07/2021 19:20:02.024,43599,AM1V310 @324A36,19772,36FE1EFE4FFE,-458,-482,-433
17/07/2021 19:20:02.054,43628,AM1V310 @324A36,19778,21FEB4FDC2FE,-479,-588,-318
17/07/2021 19:20:02.114,43688,AM1V310 @324A36,19784,46FEC0FD87FE,-442,-576,-377
17/07/2021 19:20:02.144,43718,AM1V310 @324A36,19790,2AFD43FD04FE,-726,-701,-508
17/07/2021 19:20:02.204,43779,AM1V310 @324A36,19797,AEFC34FD7EFD,-850,-716,-642
17/07/2021 19:20:02.264,43839,AM1V310 @324A36,19803,CDFB18FDC2FD,-1075,-744,-574
17/07/2021 19:20:02.294,43869,AM1V310 @324A36,19809,00FDA6FD8DFD,-768,-602,-627
17/07/2021 19:20:02.354,43929,AM1V310 @324A36,19815,53FCABFDEFFD,-941,-597,-529
17/07/2021 19:20:02.414,43989,AM1V310 @324A36,19822,F3FCA9FDA3FD,-781,-599,-605
17/07/2021 19:20:02.444,44018,AM1V310 @324A36,19828,59FEE9FDF6FE,-423,-535,-266
17/07/2021 19:20:02.504,44079,AM1V310 @324A36,19834,C8FE5BFE08FF,-312,-421,-248
17/07/2021 19:20:02.564,44139,AM1V310 @324A36,19840,6FFE45FE30FF,-401,-443,-208
17/07/2021 19:20:02.594,44168,AM1V310 @324A36,19847,E0FDC1FDEEFE,-544,-575,-274
17/07/2021 19:20:02.684,44259,AM1V310 @324A36,19853,10FE64FD1BFF,-496,-668,-229
17/07/2021 19:20:02.717,44292,AM1V310 @324A36,19859,9DFDF6FC53FE,-611,-778,-429
17/07/2021 19:20:02.774,44349,AM1V310 @324A36,19865,11FDB1FCA8FD,-751,-847,-600
17/07/2021 19:20:02.804,44378,AM1V310 @324A36,19872,3DFC8AFCC2FC,-963,-886,-830
17/07/2021 19:20:02.864,44439,AM1V310 @324A36,19878,2DFD8EFCAEFC,-723,-882,-850
17/07/2021 19:20:02.894,44468,AM1V310 @324A36,19884,BEFE50FD50FE,-322,-688,-432
17/07/2021 19:20:02.954,44529,AM1V310 @324A36,19890,0BFD24FDFFFC,-757,-732,-769
17/07/2021 19:20:03.014,44589,AM1V310 @324A36,19897,38FDDAFD13FE,-712,-550,-493
17/07/2021 19:20:03.043,44618,AM1V310 @324A36,19903,1FFF25FE6BFE,-225,-475,-405
17/07/2021 19:20:03.104,44679,AM1V310 @324A36,19909,78FE3AFE46FF,-392,-454,-186
17/07/2021 19:20:03.164,44739,AM1V310 @324A36,19915,13FEE9FD3CFE,-493,-535,-452
17/07/2021 19:20:03.194,44769,AM1V310 @324A36,19922,A3FEBBFD96FE,-349,-581,-362
17/07/2021 19:20:03.254,44829,AM1V310 @324A36,19928,F2FD99FD69FE,-526,-615,-407
17/07/2021 19:20:03.314,44888,AM1V310 @324A36,19934,BFFCEEFCCCFD,-833,-786,-564
17/07/2021 19:20:03.344,44918,AM1V310 @324A36,19940,31FD3AFD55FD,-719,-710,-683
17/07/2021 19:20:03.404,44979,AM1V310 @324A36,19947,48FB68FDEFFD,-1208,-664,-529
17/07/2021 19:20:03.464,45039,AM1V310 @324A36,19953,B5FD90FDAFFD,-587,-624,-593
17/07/2021 19:20:03.494,45068,AM1V310 @324A36,19959,E4FB8EFDCFFD,-1052,-626,-561
17/07/2021 19:20:03.554,45129,AM1V310 @324A36,19965,9DFDC4FDF5FD,-611,-572,-523
17/07/2021 19:20:03.614,45189,AM1V310 @324A36,19972,02FF24FE36FF,-254,-476,-202
17/07/2021 19:20:03.644,45218,AM1V310 @324A36,19978,A2FE51FE16FF,-350,-431,-234
17/07/2021 19:20:03.704,45279,AM1V310 @324A36,19984,3CFE16FE1CFF,-452,-490,-228
17/07/2021 19:20:03.794,45369,AM1V310 @324A36,19990,18FE7CFD04FF,-488,-644,-252
17/07/2021 19:20:03.828,45402,AM1V310 @324A36,19997,ECFD12FD16FF,-532,-750,-234
17/07/2021 19:20:03.854,45428,AM1V310 @324A36,20003,8AFDB9FC0EFE,-630,-839,-498
17/07/2021 19:20:03.914,45488,AM1V310 @324A36,20009,78FCA4FC9FFD,-904,-860,-609
17/07/2021 19:20:03.944,45518,AM1V310 @324A36,20015,7EFC46FCDCFC,-898,-954,-804
17/07/2021 19:20:04.004,45578,AM1V310 @324A36,20022,BAFDE3FC0AFD,-582,-797,-758
17/07/2021 19:20:04.064,45639,AM1V310 @324A36,20028,7FFDFEFC06FD,-641,-770,-762
17/07/2021 19:20:04.093,45668,AM1V310 @324A36,20034,99FCA8FDA3FD,-871,-600,-605
17/07/2021 19:20:04.154,45729,AM1V310 @324A36,20040,76FE33FE8DFE,-394,-461,-371
17/07/2021 19:20:04.214,45789,AM1V310 @324A36,20047,F5FE4AFE2BFF,-267,-438,-213
17/07/2021 19:20:04.244,45819,AM1V310 @324A36,20053,2FFE2AFE45FE,-465,-470,-443
17/07/2021 19:20:04.303,45878,AM1V310 @324A36,20059,16FED5FDA1FE,-490,-555,-351
17/07/2021 19:20:04.364,45939,AM1V310 @324A36,20065,1BFEBEFD91FE,-485,-578,-367
17/07/2021 19:20:04.393,45968,AM1V310 @324A36,20072,4FFD47FDBDFD,-689,-697,-579
17/07/2021 19:20:04.454,46029,AM1V310 @324A36,20078,A3FC02FDF9FD,-861,-766,-519
17/07/2021 19:20:04.514,46089,AM1V310 @324A36,20084,ECFB25FD97FD,-1044,-731,-617
17/07/2021 19:20:04.544,46119,AM1V310 @324A36,20090,3AFCE0FD66FD,-966,-544,-666
17/07/2021 19:20:04.604,46179,AM1V310 @324A36,20097,1AFDD9FD2EFE,-742,-551,-466
17/07/2021 19:20:04.664,46239,AM1V310 @324A36,20103,CEFC09FE89FD,-818,-503,-631
17/07/2021 19:20:04.694,46268,AM1V310 @324A36,20109,74FE3BFEF7FE,-396,-453,-265
17/07/2021 19:20:04.754,46329,AM1V310 @324A36,20115,E0FE6FFEFFFE,-288,-401,-257
17/07/2021 19:20:04.814,46389,AM1V310 @324A36,20122,39FE2DFE0EFF,-455,-467,-242
17/07/2021 19:20:04.844,46418,AM1V310 @324A36,20128,C8FDBDFDCBFE,-568,-579,-309
17/07/2021 19:20:04.904,46479,AM1V310 @324A36,20134,15FE52FDEBFE,-491,-686,-277
17/07/2021 19:20:04.964,46539,AM1V310 @324A36,20140,B9FDE6FC6FFE,-583,-794,-401
17/07/2021 19:20:04.994,46568,AM1V310 @324A36,20147,D0FCAAFC55FD,-816,-854,-683
17/07/2021 19:20:05.054,46629,AM1V310 @324A36,20153,89FCA9FCBAFD,-887,-855,-582
17/07/2021 19:20:05.114,46689,AM1V310 @324A36,20159,0CFEC0FC66FD,-500,-832,-666
17/07/2021 19:20:05.144,46719,AM1V310 @324A36,20165,72FDDDFCF2FC,-654,-803,-782
17/07/2021 19:20:05.204,46779,AM1V310 @324A36,20172,79FC5EFDC4FC,-903,-674,-828
17/07/2021 19:20:05.264,46839,AM1V310 @324A36,20178,B8FD4EFE8AFE,-584,-434,-374
17/07/2021 19:20:05.294,46868,AM1V310 @324A36,20184,F4FE7FFE66FF,-268,-385,-154
17/07/2021 19:20:05.354,46929,AM1V310 @324A36,20190,5CFE4DFE5DFE,-420,-435,-419
17/07/2021 19:20:05.414,46989,AM1V310 @324A36,20197,4AFEDDFD93FE,-438,-547,-365
17/07/2021 19:20:05.444,47018,AM1V310 @324A36,20203,1FFEDDFD7CFE,-481,-547,-388
17/07/2021 19:20:05.504,47079,AM1V310 @324A36,20209,57FD7FFD3EFE,-681,-641,-450
17/07/2021 19:20:05.564,47139,AM1V310 @324A36,20215,E1FCF6FCAFFD,-799,-778,-593
17/07/2021 19:20:05.594,47168,AM1V310 @324A36,20222,62FC14FD7DFD,-926,-748,-643
17/07/2021 19:20:05.654,47229,AM1V310 @324A36,20228,D0FBB5FD31FD,-1072,-587,-719
17/07/2021 19:20:05.714,47289,AM1V310 @324A36,20234,B3FBFBFDF1FD,-1101,-517,-527
17/07/2021 19:20:05.744,47319,AM1V310 @324A36,20240,5DFD06FE69FD,-675,-506,-663
17/07/2021 19:20:05.804,47379,AM1V310 @324A36,20247,74FE4FFE07FF,-396,-433,-249
17/07/2021 19:20:05.864,47439,AM1V310 @324A36,20253,BCFE7CFE1CFF,-324,-388,-228
17/07/2021 19:20:05.894,47468,AM1V310 @324A36,20259,90FE22FE28FF,-368,-478,-216
17/07/2021 19:20:05.954,47529,AM1V310 @324A36,20265,E3FD9BFDECFE,-541,-613,-276
17/07/2021 19:20:06.014,47589,AM1V310 @324A36,20272,E0FD36FD87FE,-544,-714,-377
17/07/2021 19:20:06.044,47618,AM1V310 @324A36,20278,25FD0AFD18FE,-731,-758,-488
17/07/2021 19:20:06.104,47679,AM1V310 @324A36,20284,28FC03FDB6FD,-984,-765,-586
17/07/2021 19:20:06.164,47739,AM1V310 @324A36,20290,07FDD2FC55FC,-761,-814,-939
17/07/2021 19:20:06.193,47768,AM1V310 @324A36,20297,0BFD8EFDCFFC,-757,-626,-817
17/07/2021 19:20:06.254,47828,AM1V310 @324A36,20303,E7FC82FDDFFC,-793,-638,-801
17/07/2021 19:20:06.314,47889,AM1V310 @324A36,20309,ACFC2FFEE5FD,-852,-465,-539
17/07/2021 19:20:06.344,47918,AM1V310 @324A36,20315,DEFE65FE51FE,-290,-411,-431
17/07/2021 19:20:06.404,47978,AM1V310 @324A36,20322,82FE48FEC5FE,-382,-440,-315
17/07/2021 19:20:06.464,48039,AM1V310 @324A36,20328,A9FE12FE33FE,-343,-494,-461
17/07/2021 19:20:06.493,48068,AM1V310 @324A36,20334,95FE00FE13FE,-363,-512,-493
17/07/2021 19:20:06.554,48129,AM1V310 @324A36,20340,31FED4FD11FE,-463,-556,-495
17/07/2021 19:20:06.614,48189,AM1V310 @324A36,20347,83FD38FD74FE,-637,-712,-396
17/07/2021 19:20:06.644,48219,AM1V310 @324A36,20353,97FE73FD7AFE,-361,-653,-390
17/07/2021 19:20:06.704,48279,AM1V310 @324A36,20359,5BFD65FC7FFE,-677,-923,-385
17/07/2021 19:20:06.764,48339,AM1V310 @324A36,20365,48FCA8FCC4FD,-952,-856,-572
17/07/2021 19:20:06.794,48368,AM1V310 @324A36,20372,4AFCAAFC2DFE,-950,-854,-467
17/07/2021 19:20:06.854,48429,AM1V310 @324A36,20378,26FCD8FC86FE,-986,-808,-378
17/07/2021 19:20:06.914,48489,AM1V310 @324A36,20384,43FE75FD76FE,-445,-651,-394
17/07/2021 19:20:06.944,48518,AM1V310 @324A36,20390,A6FEF7FD71FF,-346,-521,-143
17/07/2021 19:20:07.034,48609,AM1V310 @324A36,20397,91FE06FEAAFE,-367,-506,-342
17/07/2021 19:20:07.066,48641,AM1V310 @324A36,20403,76FECEFDFBFE,-394,-562,-261
17/07/2021 19:20:07.094,48668,AM1V310 @324A36,20409,4FFE7BFDF1FE,-433,-645,-271
17/07/2021 19:20:07.154,48729,AM1V310 @324A36,20415,ACFE82FD25FF,-340,-638,-219
17/07/2021 19:20:07.214,48789,AM1V310 @324A36,20422,75FEE8FC46FE,-395,-792,-442
17/07/2021 19:20:07.244,48818,AM1V310 @324A36,20428,61FCB3FC3EFD,-927,-845,-706
17/07/2021 19:20:07.304,48879,AM1V310 @324A36,20434,F2FB16FCB8FC,-1038,-1002,-840
17/07/2021 19:20:07.364,48939,AM1V310 @324A36,20440,3CFEBEFB8BFC,-452,-1090,-885
17/07/2021 19:20:07.393,48968,AM1V310 @324A36,20447,8EFD36FDA9FC,-626,-714,-855
17/07/2021 19:20:07.454,49029,AM1V310 @324A36,20453,5AFDF6FE19FD,-678,-266,-743
17/07/2021 19:20:07.514,49089,AM1V310 @324A36,20459,7EFCAEFE08FF,-898,-338,-248
17/07/2021 19:20:07.544,49119,AM1V310 @324A36,20465,EAFFD1FEDFFE,-22,-303,-289
17/07/2021 19:20:07.634,49209,AM1V310 @324A36,20472,95FEE8FEC7FD,-363,-280,-569
17/07/2021 19:20:07.664,49239,AM1V310 @324A36,20478,43FDB5FE5BFE,-701,-331,-421
17/07/2021 19:20:07.694,49269,AM1V310 @324A36,20484,B7FD84FE95FD,-585,-380,-619
17/07/2021 19:20:07.754,49329,AM1V310 @324A36,20490,05FCF9FD6EFE,-1019,-519,-402
17/07/2021 19:20:07.814,49389,AM1V310 @324A36,20497,01FCA2FD1BFD,-1023,-606,-741
17/07/2021 19:20:07.844,49419,AM1V310 @324A36,20503,D4FB07FE67FD,-1068,-505,-665
17/07/2021 19:20:07.904,49479,AM1V310 @324A36,20509,89FBABFEB4FC,-1143,-341,-844
17/07/2021 19:20:07.964,49539,AM1V310 @324A36,20515,04FB71FE66FD,-1276,-399,-666
17/07/2021 19:20:07.993,49568,AM1V310 @324A36,20522,33FE8EFEB0FE,-461,-370,-336
17/07/2021 19:20:08.054,49629,AM1V310 @324A36,20528,64FEC9FE10FF,-412,-311,-240
17/07/2021 19:20:08.114,49689,AM1V310 @324A36,20534,84FEBEFE3DFF,-380,-322,-195
17/07/2021 19:20:08.144,49718,AM1V310 @324A36,20540,CEFD9FFE12FF,-562,-353,-238
17/07/2021 19:20:08.204,49779,AM1V310 @324A36,20547,97FD54FE23FF,-617,-428,-221
17/07/2021 19:20:08.264,49839,AM1V310 @324A36,20553,1AFDA3FD6BFE,-742,-605,-405
17/07/2021 19:20:08.293,49868,AM1V310 @324A36,20559,EAFBB1FD49FE,-1046,-591,-439
17/07/2021 19:20:08.354,49929,AM1V310 @324A36,20565,BAFCB2FC58FD,-838,-846,-680
17/07/2021 19:20:08.414,49988,AM1V310 @324A36,20572,CEFBA8FD98FC,-1074,-600,-872
17/07/2021 19:20:08.443,50018,AM1V310 @324A36,20578,2FFCF1FD85FC,-977,-527,-891
17/07/2021 19:20:08.504,50079,AM1V310 @324A36,20584,BCFBC0FE2CFD,-1092,-320,-724
17/07/2021 19:20:08.564,50139,AM1V310 @324A36,20590,85FDE1FEB9FE,-635,-287,-327
17/07/2021 19:20:08.594,50168,AM1V310 @324A36,20597,2CFE03FF1CFF,-468,-253,-228
17/07/2021 19:20:08.654,50229,AM1V310 @324A36,20603,6BFEDBFEB1FE,-405,-293,-335
17/07/2021 19:20:08.714,50289,AM1V310 @324A36,20609,39FED5FEF9FE,-455,-299,-263
17/07/2021 19:20:08.744,50318,AM1V310 @324A36,20615,8BFD8FFE70FE,-629,-369,-400
17/07/2021 19:20:08.804,50379,AM1V310 @324A36,20622,85FC1AFE1CFE,-891,-486,-484
17/07/2021 19:20:08.864,50439,AM1V310 @324A36,20628,75FCF7FDE6FD,-907,-521,-538
17/07/2021 19:20:08.894,50469,AM1V310 @324A36,20634,3FFA5CFDB1FD,-1473,-676,-591
17/07/2021 19:20:08.954,50529,AM1V310 @324A36,20640,34FC75FE94FC,-972,-395,-876
17/07/2021 19:20:09.014,50589,AM1V310 @324A36,20647,D4FA10FF4FFD,-1324,-240,-689
17/07/2021 19:20:09.044,50619,AM1V310 @324A36,20653,44FDDBFE70FE,-700,-293,-400
17/07/2021 19:20:09.104,50679,AM1V310 @324A36,20659,C0FE04FF42FF,-320,-252,-190
17/07/2021 19:20:09.164,50739,AM1V310 @324A36,20665,CCFE04FF64FF,-308,-252,-156
17/07/2021 19:20:09.194,50769,AM1V310 @324A36,20672,A9FD81FE57FF,-599,-383,-169
17/07/2021 19:20:09.254,50829,AM1V310 @324A36,20678,78FD30FEE6FE,-648,-464,-282
17/07/2021 19:20:09.314,50889,AM1V310 @324A36,20684,A5FDE1FD61FF,-603,-543,-159
17/07/2021 19:20:09.343,50918,AM1V310 @324A36,20690,99FCB4FDF3FD,-871,-588,-525
17/07/2021 19:20:09.434,51009,AM1V310 @324A36,20697,22FCA6FD29FE,-990,-602,-471
17/07/2021 19:20:09.463,51038,AM1V310 @324A36,20703,33FC3FFDB5FC,-973,-705,-843
17/07/2021 19:20:09.494,51069,AM1V310 @324A36,20709,0CFCD3FD37FC,-1012,-557,-969
17/07/2021 19:20:09.554,51129,AM1V310 @324A36,20715,6CFB00FEB0FC,-1172,-512,-848
17/07/2021 19:20:09.614,51189,AM1V310 @324A36,20722,40FCE0FEC5FD,-960,-288,-571
17/07/2021 19:20:09.644,51218,AM1V310 @324A36,20728,3EFEF6FED5FE,-450,-266,-299
17/07/2021 19:20:09.704,51279,AM1V310 @324A36,20734,D0FEF0FE4EFF,-304,-272,-178
17/07/2021 19:20:09.764,51339,AM1V310 @324A36,20740,0FFFB6FE37FF,-241,-330,-201
17/07/2021 19:20:09.794,51369,AM1V310 @324A36,20747,57FED3FDA6FE,-425,-557,-346
17/07/2021 19:20:09.853,51428,AM1V310 @324A36,20753,86FCBAFD47FE,-890,-582,-441
17/07/2021 19:20:09.914,51489,AM1V310 @324A36,20759,4FFDB7FD41FE,-689,-585,-447
17/07/2021 19:20:09.944,51518,AM1V310 @324A36,20765,D6FAE4FCF6FE,-1322,-796,-266
17/07/2021 19:20:10.004,51579,AM1V310 @324A36,20772,FCFBC9FD6DFD,-1028,-567,-659
17/07/2021 19:20:10.064,51639,AM1V310 @324A36,20778,18FB07FDE6FD,-1256,-761,-538
17/07/2021 19:20:10.093,51668,AM1V310 @324A36,20784,44FCECFDF8FD,-956,-532,-520
17/07/2021 19:20:10.154,51728,AM1V310 @324A36,20790,54FE3CFE0FFF,-428,-452,-241
17/07/2021 19:20:10.214,51789,AM1V310 @324A36,20797,76FF74FE9AFF,-138,-396,-102
17/07/2021 19:20:10.244,51818,AM1V310 @324A36,20803,77FE5DFE46FF,-393,-419,-186
17/07/2021 19:20:10.304,51879,AM1V310 @324A36,20809,3CFE08FED6FF,-452,-504,-42
17/07/2021 19:20:10.364,51939,AM1V310 @324A36,20815,DBFD39FD1CFF,-549,-711,-228
17/07/2021 19:20:10.394,51968,AM1V310 @324A36,20822,9EFC7EFC9DFD,-866,-898,-611
17/07/2021 19:20:10.454,52029,AM1V310 @324A36,20828,87FBE3FC1CFE,-1145,-797,-484
17/07/2021 19:20:10.514,52089,AM1V310 @324A36,20834,F1FB97FCD5FC,-1039,-873,-811
17/07/2021 19:20:10.544,52118,AM1V310 @324A36,20840,95FCBCFD70FC,-875,-580,-912
17/07/2021 19:20:10.604,52179,AM1V310 @324A36,20847,25FCE2FD37FD,-987,-542,-713
17/07/2021 19:20:10.664,52239,AM1V310 @324A36,20853,A9FDB6FE87FE,-599,-330,-377
17/07/2021 19:20:10.693,52268,AM1V310 @324A36,20859,8FFFE6FE4DFF,-113,-282,-179
17/07/2021 19:20:10.754,52329,AM1V310 @324A36,20865,A0FE02FFDDFE,-352,-254,-291
17/07/2021 19:20:10.814,52389,AM1V310 @324A36,20872,A1FDB9FEAFFD,-607,-327,-593
17/07/2021 19:20:10.843,52418,AM1V310 @324A36,20878,DCFC7AFE18FE,-804,-390,-488
17/07/2021 19:20:10.904,52478,AM1V310 @324A36,20884,43FC76FE27FD,-957,-394,-729
17/07/2021 19:20:10.964,52539,AM1V310 @324A36,20890,B1FAB7FE87FD,-1359,-329,-633
17/07/2021 19:20:10.994,52568,AM1V310 @324A36,20897,73FC5DFF78FD,-909,-163,-648
17/07/2021 19:20:11.054,52629,AM1V310 @324A36,20903,47FA09FFEFFD,-1465,-247,-529
17/07/2021 19:20:11.114,52689,AM1V310 @324A36,20909,21FCB2FE46FD,-991,-334,-698
17/07/2021 19:20:11.144,52718,AM1V310 @324A36,20915,5FFFB2FE23FF,-161,-334,-221
17/07/2021 19:20:11.204,52779,AM1V310 @324A36,20922,D4FE0EFF85FF,-300,-242,-123
17/07/2021 19:20:11.264,52839,AM1V310 @324A36,20928,96FE05FF1CFF,-362,-251,-228
17/07/2021 19:20:11.294,52868,AM1V310 @324A36,20934,78FD8FFE34FF,-648,-369,-204
17/07/2021 19:20:11.354,52929,AM1V310 @324A36,20940,FDFC65FD99FE,-771,-667,-359
17/07/2021 19:20:11.414,52989,AM1V310 @324A36,20947,14FC77FD18FE,-1004,-649,-488
17/07/2021 19:20:11.444,53018,AM1V310 @324A36,20953,21FB9CFDB3FD,-1247,-612,-589
17/07/2021 19:20:11.504,53079,AM1V310 @324A36,20959,B0FB35FD9CFC,-1104,-715,-868
17/07/2021 19:20:11.564,53138,AM1V310 @324A36,20965,0CFDDCFDBCFC,-756,-548,-836
17/07/2021 19:20:11.594,53168,AM1V310 @324A36,20972,42FC6CFEAEFC,-958,-404,-850
17/07/2021 19:20:11.654,53228,AM1V310 @324A36,20978,B0FC10FFC3FE,-848,-240,-317
17/07/2021 19:20:11.714,53289,AM1V310 @324A36,20984,CFFFECFE89FF,-49,-276,-119
17/07/2021 19:20:11.744,53319,AM1V310 @324A36,20990,09FF32FFCCFF,-247,-206,-52
17/07/2021 19:20:11.804,53379,AM1V310 @324A36,20997,5DFD8FFEF7FD,-675,-369,-521
17/07/2021 19:20:11.864,53439,AM1V310 @324A36,21003,09FD67FE5CFE,-759,-409,-420
17/07/2021 19:20:11.894,53468,AM1V310 @324A36,21009,C0FC9DFD12FE,-832,-611,-494
17/07/2021 19:20:11.954,53529,AM1V310 @324A36,21015,21FCE3FD04FE,-991,-541,-508
17/07/2021 19:20:12.014,53589,AM1V310 @324A36,21022,D2FB9CFD7BFD,-1070,-612,-645
17/07/2021 19:20:12.044,53618,AM1V310 @324A36,21028,ACFB80FEDEFD,-1108,-384,-546
17/07/2021 19:20:12.104,53679,AM1V310 @324A36,21034,D9FBA1FED3FD,-1063,-351,-557
17/07/2021 19:20:12.164,53739,AM1V310 @324A36,21040,24FCAAFEA2FD,-988,-342,-606
17/07/2021 19:20:12.194,53768,AM1V310 @324A36,21047,17FE2CFE1CFF,-489,-468,-228
17/07/2021 19:20:12.254,53828,AM1V310 @324A36,21053,06FF5FFE10FF,-250,-417,-240
17/07/2021 19:20:12.314,53889,AM1V310 @324A36,21059,41FE4FFE3CFF,-447,-433,-196
17/07/2021 19:20:12.343,53918,AM1V310 @324A36,21065,E2FD0BFE2EFF,-542,-501,-210
17/07/2021 19:20:12.404,53978,AM1V310 @324A36,21072,65FD67FD0CFF,-667,-665,-244
17/07/2021 19:20:12.464,54039,AM1V310 @324A36,21078,2EFDD8FC08FE,-722,-808,-504
17/07/2021 19:20:12.494,54068,AM1V310 @324A36,21084,DAFB23FDB1FD,-1062,-733,-591
17/07/2021 19:20:12.554,54128,AM1V310 @324A36,21090,C7FB03FDADFC,-1081,-765,-851
17/07/2021 19:20:12.614,54189,AM1V310 @324A36,21097,36FD7FFDBBFC,-714,-641,-837
17/07/2021 19:20:12.644,54218,AM1V310 @324A36,21103,8AFCB1FD5CFD,-886,-591,-676
17/07/2021 19:20:12.704,54279,AM1V310 @324A36,21109,02FD37FE43FE,-766,-457,-445
17/07/2021 19:20:12.764,54339,AM1V310 @324A36,21115,C8FE5BFED6FE,-312,-421,-298
17/07/2021 19:20:12.794,54369,AM1V310 @324A36,21122,C9FEA0FE33FF,-311,-352,-205
17/07/2021 19:20:12.854,54428,AM1V310 @324A36,21128,02FEC6FE69FE,-510,-314,-407
17/07/2021 19:20:12.913,54488,AM1V310 @324A36,21134,D6FD7BFE91FE,-554,-389,-367
17/07/2021 19:20:12.944,54518,AM1V310 @324A36,21140,61FD42FE3FFE,-671,-446,-449
17/07/2021 19:20:13.004,54579,AM1V310 @324A36,21147,FBFBC0FDBDFD,-1029,-576,-579
17/07/2021 19:20:13.064,54639,AM1V310 @324A36,21153,8DFC11FEB5FD,-883,-495,-587
17/07/2021 19:20:13.094,54668,AM1V310 @324A36,21159,AEFAEEFD48FE,-1362,-530,-440
17/07/2021 19:20:13.154,54729,AM1V310 @324A36,21165,56FD42FEEFFD,-682,-446,-529
17/07/2021 19:20:13.214,54789,AM1V310 @324A36,21172,88FB8EFE5AFD,-1144,-370,-678
17/07/2021 19:20:13.244,54818,AM1V310 @324A36,21178,A4FC8BFE5FFE,-860,-373,-417
17/07/2021 19:20:13.304,54879,AM1V310 @324A36,21184,03FFA9FE49FF,-253,-343,-183
17/07/2021 19:20:13.364,54939,AM1V310 @324A36,21190,22FED2FE05FF,-478,-302,-251
17/07/2021 19:20:13.394,54969,AM1V310 @324A36,21197,AFFD84FEFDFE,-593,-380,-259
17/07/2021 19:20:13.454,55029,AM1V310 @324A36,21203,75FD02FEECFE,-651,-510,-276
17/07/2021 19:20:13.514,55089,AM1V310 @324A36,21209,6EFDB4FDEDFE,-658,-588,-275
17/07/2021 19:20:13.544,55119,AM1V310 @324A36,21215,DBFC6BFDE2FD,-805,-661,-542
17/07/2021 19:20:13.604,55179,AM1V310 @324A36,21222,92FB82FD4FFD,-1134,-638,-689
17/07/2021 19:20:13.664,55239,AM1V310 @324A36,21228,47FC22FD44FD,-953,-734,-700
17/07/2021 19:20:13.694,55268,AM1V310 @324A36,21234,E6FD55FD92FD,-538,-683,-622
17/07/2021 19:20:13.754,55329,AM1V310 @324A36,21240,57FCD9FDBBFC,-937,-551,-837
17/07/2021 19:20:13.814,55389,AM1V310 @324A36,21247,AEFC8CFE31FE,-850,-372,-463
17/07/2021 19:20:13.843,55418,AM1V310 @324A36,21253,57FEB3FEB5FE,-425,-333,-331
17/07/2021 19:20:13.904,55478,AM1V310 @324A36,21259,6BFEB7FE09FF,-405,-329,-247
17/07/2021 19:20:13.964,55539,AM1V310 @324A36,21265,F9FD93FE49FE,-519,-365,-439
17/07/2021 19:20:13.994,55568,AM1V310 @324A36,21272,E7FD54FE9DFE,-537,-428,-355
17/07/2021 19:20:14.054,55628,AM1V310 @324A36,21278,34FDFFFD26FE,-716,-513,-474
17/07/2021 19:20:14.114,55689,AM1V310 @324A36,21284,42FC89FDD4FD,-958,-631,-556
17/07/2021 19:20:14.143,55718,AM1V310 @324A36,21290,94FCA5FD00FE,-876,-603,-512
17/07/2021 19:20:14.204,55779,AM1V310 @324A36,21297,96FA27FEA7FD,-1386,-473,-601
17/07/2021 19:20:14.264,55839,AM1V310 @324A36,21303,A5FC6BFE9EFD,-859,-405,-610
17/07/2021 19:20:14.294,55869,AM1V310 @324A36,21309,77FBCFFE26FD,-1161,-305,-730
17/07/2021 19:20:14.354,55929,AM1V310 @324A36,21315,E8FDAAFE22FF,-536,-342,-222
17/07/2021 19:20:14.414,55989,AM1V310 @324A36,21322,10FFF1FE1FFF,-240,-271,-225
17/07/2021 19:20:14.444,56019,AM1V310 @324A36,21328,52FEF3FE0CFF,-430,-269,-244
17/07/2021 19:20:14.504,56079,AM1V310 @324A36,21334,A9FD8FFEFAFE,-599,-369,-262
17/07/2021 19:20:14.564,56139,AM1V310 @324A36,21340,19FD2AFEFBFE,-743,-470,-261
17/07/2021 19:20:14.593,56168,AM1V310 @324A36,21347,BFFCB3FDA3FE,-833,-589,-349
17/07/2021 19:20:14.654,56229,AM1V310 @324A36,21353,23FC96FD98FD,-989,-618,-616
17/07/2021 19:20:14.714,56289,AM1V310 @324A36,21359,FAFA90FDD5FC,-1286,-624,-811
17/07/2021 19:20:14.744,56318,AM1V310 @324A36,21365,47FCE1FD13FC,-953,-543,-1005
17/07/2021 19:20:14.804,56379,AM1V310 @324A36,21372,7CFC8EFE0FFD,-900,-370,-753
17/07/2021 19:20:14.864,56439,AM1V310 @324A36,21378,5EFBD9FEEEFD,-1186,-295,-530
17/07/2021 19:20:14.894,56468,AM1V310 @324A36,21384,1FFEA3FEDAFE,-481,-349,-294
17/07/2021 19:20:14.954,56529,AM1V310 @324A36,21390,3FFFCDFE74FF,-193,-307,-140
17/07/2021 19:20:15.014,56589,AM1V310 @324A36,21397,E6FDDBFE84FE,-538,-293,-380
17/07/2021 19:20:15.043,56618,AM1V310 @324A36,21403,D3FDB4FED0FE,-557,-332,-304
17/07/2021 19:20:15.104,56678,AM1V310 @324A36,21409,81FD85FE3AFE,-639,-379,-454
17/07/2021 19:20:15.164,56739,AM1V310 @324A36,21415,C3FB39FEFFFD,-1085,-455,-513
17/07/2021 19:20:15.194,56768,AM1V310 @324A36,21422,3EFC7FFE7FFD,-962,-385,-641
17/07/2021 19:20:15.254,56829,AM1V310 @324A36,21428,84FAB8FE2BFE,-1404,-328,-469
17/07/2021 19:20:15.314,56889,AM1V310 @324A36,21434,44FDE0FE7AFD,-700,-288,-646
17/07/2021 19:20:15.344,56918,AM1V310 @324A36,21440,77FAD3FE4EFD,-1417,-301,-690
17/07/2021 19:20:15.404,56979,AM1V310 @324A36,21447,B7FC9BFE01FE,-841,-357,-511
17/07/2021 19:20:15.464,57039,AM1V310 @324A36,21453,28FFE4FE21FF,-216,-284,-223
17/07/2021 19:20:15.494,57068,AM1V310 @324A36,21459,51FE3CFF17FF,-431,-196,-233
17/07/2021 19:20:15.554,57129,AM1V310 @324A36,21465,EDFDEBFE28FF,-531,-277,-216
17/07/2021 19:20:15.614,57189,AM1V310 @324A36,21472,B3FD11FE17FF,-589,-495,-233
17/07/2021 19:20:15.644,57218,AM1V310 @324A36,21478,B3FC4AFD72FE,-845,-694,-398
17/07/2021 19:20:15.704,57279,AM1V310 @324A36,21484,30FCB8FDCAFD,-976,-584,-566
17/07/2021 19:20:15.764,57339,AM1V310 @324A36,21490,3BFBA5FDCFFD,-1221,-603,-561
17/07/2021 19:20:15.794,57368,AM1V310 @324A36,21497,49FB62FDC8FC,-1207,-670,-824
17/07/2021 19:20:15.854,57429,AM1V310 @324A36,21503,F3FD9FFD90FD,-525,-609,-624
17/07/2021 19:20:15.914,57489,AM1V310 @324A36,21509,BCFB2CFE38FD,-1092,-468,-712
17/07/2021 19:20:15.943,57518,AM1V310 @324A36,21515,A4FCC5FE51FE,-860,-315,-431
17/07/2021 19:20:16.004,57579,AM1V310 @324A36,21522,E7FEBFFE10FF,-281,-321,-240
17/07/2021 19:20:16.064,57639,AM1V310 @324A36,21528,9FFEE4FE49FF,-353,-284,-183
17/07/2021 19:20:16.093,57668,AM1V310 @324A36,21534,B0FDB6FE31FE,-592,-330,-463
17/07/2021 19:20:16.154,57729,AM1V310 @324A36,21540,BDFD77FEDBFE,-579,-393,-293
17/07/2021 19:20:16.214,57789,AM1V310 @324A36,21547,81FC1EFEEBFD,-895,-482,-533
17/07/2021 19:20:16.244,57818,AM1V310 @324A36,21553,A2FBDAFDEDFD,-1118,-550,-531
17/07/2021 19:20:16.304,57878,AM1V310 @324A36,21559,F5FBB6FDBFFD,-1035,-586,-577
17/07/2021 19:20:16.364,57939,AM1V310 @324A36,21565,08FCB8FED6FD,-1016,-328,-554
17/07/2021 19:20:16.394,57968,AM1V310 @324A36,21572,40FCF6FEBAFD,-960,-266,-582
17/07/2021 19:20:16.453,58028,AM1V310 @324A36,21578,4BFBC0FE38FD,-1205,-320,-712
17/07/2021 19:20:16.514,58089,AM1V310 @324A36,21584,51FEAEFE34FF,-431,-338,-204
17/07/2021 19:20:16.544,58118,AM1V310 @324A36,21590,AAFEE6FE0EFF,-342,-282,-242
17/07/2021 19:20:16.604,58179,AM1V310 @324A36,21597,44FEC7FE39FF,-444,-313,-199
17/07/2021 19:20:16.664,58239,AM1V310 @324A36,21603,95FD48FE10FF,-619,-440,-240
17/07/2021 19:20:16.694,58268,AM1V310 @324A36,21609,18FDB0FD24FF,-744,-592,-220
17/07/2021 19:20:16.754,58329,AM1V310 @324A36,21615,1FFD93FD73FE,-737,-621,-397
17/07/2021 19:20:16.814,58389,AM1V310 @324A36,21622,EEFB72FD71FD,-1042,-654,-655
17/07/2021 19:20:16.843,58418,AM1V310 @324A36,21628,6CFB5FFD68FD,-1172,-673,-664
17/07/2021 19:20:16.904,58479,AM1V310 @324A36,21634,E6FC71FD19FD,-794,-655,-743
17/07/2021 19:20:16.964,58539,AM1V310 @324A36,21640,ADFC81FD1BFD,-851,-639,-741
17/07/2021 19:20:16.994,58568,AM1V310 @324A36,21647,0DFC06FE9EFD,-1011,-506,-610
17/07/2021 19:20:17.054,58629,AM1V310 @324A36,21653,F5FD90FE99FE,-523,-368,-359
17/07/2021 19:20:17.114,58689,AM1V310 @324A36,21659,CEFEC5FE5DFF,-306,-315,-163
17/07/2021 19:20:17.144,58718,AM1V310 @324A36,21665,38FEC2FE87FE,-456,-318,-377
17/07/2021 19:20:17.204,58779,AM1V310 @324A36,21672,80FD55FE36FE,-640,-427,-458
17/07/2021 19:20:17.264,58839,AM1V310 @324A36,21678,CAFD31FEC1FE,-566,-463,-319
17/07/2021 19:20:17.294,58869,AM1V310 @324A36,21684,4AFCB1FDBCFD,-950,-591,-580
17/07/2021 19:20:17.354,58929,AM1V310 @324A36,21690,BFFAD6FD89FD,-1345,-554,-631
17/07/2021 19:20:17.414,58989,AM1V310 @324A36,21697,2FFC0EFEE9FD,-977,-498,-535
17/07/2021 19:20:17.444,59018,AM1V310 @324A36,21703,62FCD6FF7AFD,-926,-42,-646
17/07/2021 19:20:17.504,59079,AM1V310 @324A36,21709,65FB45FF76FD,-1179,-187,-650
17/07/2021 19:20:17.564,59139,AM1V310 @324A36,21715,34FD17FFADFE,-716,-233,-339
17/07/2021 19:20:17.594,59169,AM1V310 @324A36,21722,FCFD59FFB9FE,-516,-167,-327
17/07/2021 19:20:17.654,59229,AM1V310 @324A36,21728,1EFE05FF00FF,-482,-251,-256
17/07/2021 19:20:17.714,59289,AM1V310 @324A36,21734,CEFD86FE8BFE,-562,-378,-373
17/07/2021 19:20:17.744,59318,AM1V310 @324A36,21740,4FFD4FFEF2FE,-689,-433,-270
17/07/2021 19:20:17.804,59379,AM1V310 @324A36,21747,11FD13FEC0FE,-751,-493,-320
17/07/2021 19:20:17.864,59439,AM1V310 @324A36,21753,40FC4AFD1CFE,-960,-694,-484
17/07/2021 19:20:17.893,59468,AM1V310 @324A36,21759,7FFB85FDD9FD,-1153,-635,-551
17/07/2021 19:20:17.954,59528,AM1V310 @324A36,21765,5CFC1AFDDAFD,-932,-742,-550
17/07/2021 19:20:18.014,59589,AM1V310 @324A36,21772,AEFB1BFEC5FC,-1106,-485,-827
17/07/2021 19:20:18.044,59618,AM1V310 @324A36,21778,6AFD99FE3FFC,-662,-359,-961
17/07/2021 19:20:18.104,59678,AM1V310 @324A36,21784,D2FB18FF49FD,-1070,-232,-695
17/07/2021 19:20:18.164,59739,AM1V310 @324A36,21790,8DFD6BFF6EFE,-627,-149,-402
17/07/2021 19:20:18.194,59768,AM1V310 @324A36,21797,D0FE2DFF4FFF,-304,-211,-177
17/07/2021 19:20:18.254,59829,AM1V310 @324A36,21803,88FE1AFF1CFF,-376,-230,-228
17/07/2021 19:20:18.314,59889,AM1V310 @324A36,21809,90FDADFE9AFE,-624,-339,-358
17/07/2021 19:20:18.343,59918,AM1V310 @324A36,21815,62FD5CFE85FE,-670,-420,-379
17/07/2021 19:20:18.404,59979,AM1V310 @324A36,21822,21FC1BFE91FD,-991,-485,-623
17/07/2021 19:20:18.464,60039,AM1V310 @324A36,21828,AEFA97FE16FD,-1362,-361,-746
17/07/2021 19:20:18.494,60068,AM1V310 @324A36,21834,7EFBB7FED1FD,-1154,-329,-559
17/07/2021 19:20:18.554,60129,AM1V310 @324A36,21840,6AFC8DFF93FD,-918,-115,-621
17/07/2021 19:20:18.614,60189,AM1V310 @324A36,21847,A6FBA6FFA4FD,-1114,-90,-604
17/07/2021 19:20:18.643,60218,AM1V310 @324A36,21853,73FC4DFF19FE,-909,-179,-487
17/07/2021 19:20:18.704,60279,AM1V310 @324A36,21859,2FFEEFFEC5FE,-465,-273,-315
17/07/2021 19:20:18.764,60339,AM1V310 @324A36,21865,A1FE0EFF12FF,-351,-242,-238
17/07/2021 19:20:18.794,60368,AM1V310 @324A36,21872,13FEF4FE23FF,-493,-268,-221
17/07/2021 19:20:18.854,60429,AM1V310 @324A36,21878,98FD77FE01FF,-616,-393,-255
17/07/2021 19:20:18.914,60489,AM1V310 @324A36,21884,FCFCF5FDF5FE,-772,-523,-267
17/07/2021 19:20:18.944,60518,AM1V310 @324A36,21890,22FC7FFDF0FD,-990,-641,-528
17/07/2021 19:20:19.004,60579,AM1V310 @324A36,21897,F6FA87FD52FD,-1290,-633,-686
17/07/2021 19:20:19.064,60639,AM1V310 @324A36,21903,72FBA8FDFFFC,-1166,-600,-769
17/07/2021 19:20:19.093,60668,AM1V310 @324A36,21909,0BFDF8FDF1FC,-757,-520,-783
17/07/2021 19:20:19.154,60729,AM1V310 @324A36,21915,EBFCA0FEA3FD,-789,-352,-605
17/07/2021 19:20:19.214,60789,AM1V310 @324A36,21922,5EFC98FE91FD,-930,-360,-623
17/07/2021 19:20:19.244,60819,AM1V310 @324A36,21928,EAFDCBFE91FE,-534,-309,-367
17/07/2021 19:20:19.304,60879,AM1V310 @324A36,21934,D0FEDDFEEFFE,-304,-291,-273
17/07/2021 19:20:19.364,60939,AM1V310 @324A36,21940,1EFEF7FEB6FE,-482,-265,-330
17/07/2021 19:20:19.394,60968,AM1V310 @324A36,21947,AAFDA7FE86FE,-598,-345,-378
17/07/2021 19:20:19.454,61029,AM1V310 @324A36,21953,B2FD8BFE23FE,-590,-373,-477
17/07/2021 19:20:19.514,61089,AM1V310 @324A36,21959,9BFC7FFE1CFE,-869,-385,-484
17/07/2021 19:20:19.543,61118,AM1V310 @324A36,21965,90FA4CFEC0FD,-1392,-436,-576
17/07/2021 19:20:19.604,61179,AM1V310 @324A36,21972,38FC57FE5EFD,-968,-425,-674
17/07/2021 19:20:19.664,61239,AM1V310 @324A36,21978,E6FB26FF86FE,-1050,-218,-378
17/07/2021 19:20:19.694,61269,AM1V310 @324A36,21984,81FC1BFFEEFD,-895,-229,-530
17/07/2021 19:20:19.754,61329,AM1V310 @324A36,21990,D0FBC5FEC9FD,-1072,-315,-567
17/07/2021 19:20:19.814,61389,AM1V310 @324A36,21997,64FDB0FEC3FE,-668,-336,-317
17/07/2021 19:20:19.844,61418,AM1V310 @324A36,22003,76FEE5FEEEFE,-394,-283,-274
17/07/2021 19:20:19.904,61479,AM1V310 @324A36,22009,64FECEFE3DFF,-412,-306,-195
17/07/2021 19:20:19.964,61539,AM1V310 @324A36,22015,9DFD9DFE9CFE,-611,-355,-356
17/07/2021 19:20:19.994,61568,AM1V310 @324A36,22022,EBFC69FE0FFF,-789,-407,-241
17/07/2021 19:20:20.054,61629,AM1V310 @324A36,22028,CEFCE8FD34FE,-818,-536,-460
17/07/2021 19:20:20.114,61689,AM1V310 @324A36,22034,D7FB05FEAEFD,-1065,-507,-594
17/07/2021 19:20:20.144,61718,AM1V310 @324A36,22040,77FBE2FD54FD,-1161,-542,-684
17/07/2021 19:20:20.204,61779,AM1V310 @324A36,22047,34FCBDFDC8FD,-972,-579,-568
17/07/2021 19:20:20.264,61839,AM1V310 @324A36,22053,8EFDE4FD6BFD,-626,-540,-661
17/07/2021 19:20:20.294,61868,AM1V310 @324A36,22059,89FC67FEF0FC,-887,-409,-784
17/07/2021 19:20:20.354,61929,AM1V310 @324A36,22065,DDFBC9FE3EFD,-1059,-311,-706
17/07/2021 19:20:20.414,61989,AM1V310 @324A36,22072,DCFDF7FE9EFE,-548,-265,-354
17/07/2021 19:20:20.444,62018,AM1V310 @324A36,22078,A9FE32FF4DFF,-343,-206,-179
17/07/2021 19:20:20.504,62079,AM1V310 @324A36,22084,D0FD0FFFA1FE,-560,-241,-351
17/07/2021 19:20:20.564,62139,AM1V310 @324A36,22090,DAFD9FFE58FE,-550,-353,-424
17/07/2021 19:20:20.594,62168,AM1V310 @324A36,22097,3EFDCDFE84FE,-706,-307,-380
17/07/2021 19:20:20.684,62259,AM1V310 @324A36,22103,53FC85FE28FE,-941,-379,-472
17/07/2021 19:20:20.713,62288,AM1V310 @324A36,22109,1DFB72FEE4FD,-1251,-398,-540
17/07/2021 19:20:20.744,62318,AM1V310 @324A36,22115,18FB8AFEC0FD,-1256,-374,-576
17/07/2021 19:20:20.804,62378,AM1V310 @324A36,22122,9CFCE4FEF3FD,-868,-284,-525
17/07/2021 19:20:20.864,62439,AM1V310 @324A36,22128,FEFBCFFEB3FD,-1026,-305,-589
17/07/2021 19:20:20.894,62468,AM1V310 @324A36,22134,3BFCD5FE22FE,-965,-299,-478
17/07/2021 19:20:20.954,62529,AM1V310 @324A36,22140,33FEE2FED6FE,-461,-286,-298
17/07/2021 19:20:21.014,62589,AM1V310 @324A36,22147,98FEECFEFCFE,-360,-276,-260
17/07/2021 19:20:21.044,62618,AM1V310 @324A36,22153,02FEC4FE09FF,-510,-316,-247
17/07/2021 19:20:21.104,62679,AM1V310 @324A36,22159,21FD6DFE00FF,-735,-403,-256
17/07/2021 19:20:21.164,62739,AM1V310 @324A36,22165,0DFD25FEEEFE,-755,-475,-274
17/07/2021 19:20:21.194,62768,AM1V310 @324A36,22172,A0FCE8FDD0FD,-864,-536,-560
17/07/2021 19:20:21.254,62829,AM1V310 @324A36,22178,2EFB0BFEADFD,-1234,-501,-595
17/07/2021 19:20:21.343,62918,AM1V310 @324A36,22184,AEFBBAFD56FD,-1106,-582,-682
17/07/2021 19:20:21.375,62949,AM1V310 @324A36,22190,04FD03FE58FD,-764,-509,-680
17/07/2021 19:20:21.404,62978,AM1V310 @324A36,22197,CCFC3CFE3AFD,-820,-452,-710
17/07/2021 19:20:21.464,63039,AM1V310 @324A36,22203,A9FB6BFEEAFD,-1111,-405,-534
17/07/2021 19:20:21.494,63068,AM1V310 @324A36,22209,F8FDC0FE76FE,-520,-320,-394
17/07/2021 19:20:21.554,63129,AM1V310 @324A36,22215,C1FEDCFE14FF,-319,-292,-236
17/07/2021 19:20:21.614,63189,AM1V310 @324A36,22222,FFFDE0FED0FE,-513,-288,-304
17/07/2021 19:20:21.644,63218,AM1V310 @324A36,22228,D2FDAFFE78FE,-558,-337,-392
17/07/2021 19:20:21.703,63278,AM1V310 @324A36,22234,14FDA4FE41FE,-748,-348,-447
17/07/2021 19:20:21.764,63339,AM1V310 @324A36,22240,22FC86FEA3FD,-990,-378,-605
17/07/2021 19:20:21.794,63368,AM1V310 @324A36,22247,74FBCAFE90FD,-1164,-310,-624
17/07/2021 19:20:21.854,63429,AM1V310 @324A36,22253,C6FA2AFFFEFD,-1338,-214,-514
17/07/2021 19:20:21.914,63489,AM1V310 @324A36,22259,C5FCCDFE20FE,-827,-307,-480
17/07/2021 19:20:21.944,63519,AM1V310 @324A36,22265,F3FB03FF00FE,-1037,-253,-512
17/07/2021 19:20:22.004,63579,AM1V310 @324A36,22272,EEFBB1FED1FD,-1042,-335,-559
17/07/2021 19:20:22.064,63639,AM1V310 @324A36,22278,CBFDC8FE09FF,-565,-312,-247
17/07/2021 19:20:22.093,63668,AM1V310 @324A36,22284,80FE07FF47FF,-384,-249,-185
17/07/2021 19:20:22.154,63729,AM1V310 @324A36,22290,01FEEEFE35FF,-511,-274,-203
17/07/2021 19:20:22.214,63789,AM1V310 @324A36,22297,56FDA5FEDAFE,-682,-347,-294
17/07/2021 19:20:22.244,63818,AM1V310 @324A36,22303,03FD08FEBFFE,-765,-504,-321
17/07/2021 19:20:22.304,63879,AM1V310 @324A36,22309,20FC1DFED3FD,-992,-483,-557
17/07/2021 19:20:22.364,63939,AM1V310 @324A36,22315,33FB2AFE6DFD,-1229,-470,-659
17/07/2021 19:20:22.394,63968,AM1V310 @324A36,22322,6DFBF8FD25FD,-1171,-520,-731
17/07/2021 19:20:22.454,64029,AM1V310 @324A36,22328,C5FC00FEC8FC,-827,-512,-824
17/07/2021 19:20:22.514,64089,AM1V310 @324A36,22334,EAFC71FE79FD,-790,-399,-647
17/07/2021 19:20:22.544,64118,AM1V310 @324A36,22340,E6FB8EFE8FFD,-1050,-370,-625
17/07/2021 19:20:22.604,64179,AM1V310 @324A36,22347,D1FDC0FEE1FE,-559,-320,-287
17/07/2021 19:20:22.664,64239,AM1V310 @324A36,22353,FAFEE7FE2AFF,-262,-281,-214
17/07/2021 19:20:22.694,64269,AM1V310 @324A36,22359,BFFD02FFE5FE,-577,-254,-283
17/07/2021 19:20:22.754,64329,AM1V310 @324A36,22365,5DFD9CFE46FE,-675,-356,-442
17/07/2021 19:20:22.814,64389,AM1V310 @324A36,22372,B3FD9FFE8DFE,-589,-353,-371
17/07/2021 19:20:22.844,64420,AM1V310 @324A36,22378,14FC64FE0BFE,-1004,-412,-501
17/07/2021 19:20:22.904,64479,AM1V310 @324A36,22384,68FB6BFECDFD,-1176,-405,-563
17/07/2021 19:20:22.964,64539,AM1V310 @324A36,22390,A8FA44FE68FD,-1368,-444,-664
17/07/2021 19:20:22.994,64568,AM1V310 @324A36,22397,58FC79FFB7FD,-936,-135,-585
17/07/2021 19:20:23.054,64629,AM1V310 @324A36,22403,B9FB36FF0AFE,-1095,-202,-502
17/07/2021 19:20:23.114,64689,AM1V310 @324A36,22409,C9FCE1FE6EFE,-823,-287,-402
17/07/2021 19:20:23.144,64718,AM1V310 @324A36,22415,60FE04FFFFFE,-416,-252,-257
17/07/2021 19:20:23.204,64779,AM1V310 @324A36,22422,78FEF0FE40FF,-392,-272,-192
17/07/2021 19:20:23.264,64839,AM1V310 @324A36,22428,B5FD9CFE08FF,-587,-356,-248
17/07/2021 19:20:23.294,64868,AM1V310 @324A36,22434,8FFD35FE03FF,-625,-459,-253
17/07/2021 19:20:23.354,64929,AM1V310 @324A36,22440,DAFCCCFDF8FE,-806,-564,-264
17/07/2021 19:20:23.414,64989,AM1V310 @324A36,22447,BDFCA8FD4AFE,-835,-600,-438
17/07/2021 19:20:23.444,65019,AM1V310 @324A36,22453,2DFBCDFDA3FD,-1235,-563,-605
17/07/2021 19:20:23.504,65079,AM1V310 @324A36,22459,D7FBADFD72FD,-1065,-595,-654
17/07/2021 19:20:23.564,65139,AM1V310 @324A36,22465,D8FC2DFE9DFD,-808,-467,-611
17/07/2021 19:20:23.594,65169,AM1V310 @324A36,22472,F2FC3EFE69FD,-782,-450,-663
17/07/2021 19:20:23.654,65229,AM1V310 @324A36,22478,95FB68FE71FD,-1131,-408,-655
17/07/2021 19:20:23.714,65289,AM1V310 @324A36,22484,63FDBCFE65FE,-669,-324,-411
17/07/2021 19:20:23.744,65319,AM1V310 @324A36,22490,5BFEF6FE1AFF,-421,-266,-230
17/07/2021 19:20:23.804,65379,AM1V310 @324A36,22497,DAFD0BFFC0FE,-550,-245,-320
17/07/2021 19:20:23.863,65438,AM1V310 @324A36,22503,BDFDB7FE8EFE,-579,-329,-370
17/07/2021 19:20:23.894,65468,AM1V310 @324A36,22509,88FD90FE65FE,-632,-368,-411
17/07/2021 19:20:23.954,65529,AM1V310 @324A36,22515,97FC72FE61FE,-873,-398,-415
17/07/2021 19:20:24.014,65589,AM1V310 @324A36,22522,70FB22FE98FD,-1168,-478,-616
17/07/2021 19:20:24.044,65619,AM1V310 @324A36,22528,F8FB8AFE55FD,-1032,-374,-683
17/07/2021 19:20:24.104,65679,AM1V310 @324A36,22534,5EFCECFE44FE,-930,-276,-444
17/07/2021 19:20:24.164,65739,AM1V310 @324A36,22540,51FCE6FEF3FD,-943,-282,-525
17/07/2021 19:20:24.194,65769,AM1V310 @324A36,22547,08FBCEFED0FD,-1272,-306,-560
17/07/2021 19:20:24.254,65829,AM1V310 @324A36,22553,78FDC2FE95FE,-648,-318,-363
17/07/2021 19:20:24.314,65889,AM1V310 @324A36,22559,72FEFEFE11FF,-398,-258,-239
17/07/2021 19:20:24.344,65918,AM1V310 @324A36,22565,50FEE2FE5FFF,-432,-286,-161
17/07/2021 19:20:24.404,65979,AM1V310 @324A36,22572,75FD8DFEE6FE,-651,-371,-282
17/07/2021 19:20:24.464,66039,AM1V310 @324A36,22578,66FD0DFE58FF,-666,-499,-168
17/07/2021 19:20:24.494,66069,AM1V310 @324A36,22584,C6FCC8FD44FE,-826,-568,-444
17/07/2021 19:20:24.554,66129,AM1V310 @324A36,22590,9BFBCEFDA2FD,-1125,-562,-606
17/07/2021 19:20:24.614,66189,AM1V310 @324A36,22597,6CFBD5FDA4FD,-1172,-555,-604
17/07/2021 19:20:24.644,66219,AM1V310 @324A36,22603,E7FBD1FD57FD,-1049,-559,-681
17/07/2021 19:20:24.704,66279,AM1V310 @324A36,22609,99FD25FEF7FD,-615,-475,-521
17/07/2021 19:20:24.764,66339,AM1V310 @324A36,22615,E4FB6CFE63FD,-1052,-404,-669
17/07/2021 19:20:24.794,66369,AM1V310 @324A36,22622,78FCBDFEE9FD,-904,-323,-535
17/07/2021 19:20:24.854,66429,AM1V310 @324A36,22628,2DFE07FFC6FE,-467,-249,-314
17/07/2021 19:20:24.914,66489,AM1V310 @324A36,22634,DDFD27FF1FFF,-547,-217,-225
17/07/2021 19:20:24.944,66518,AM1V310 @324A36,22640,92FDB9FE76FE,-622,-327,-394
17/07/2021 19:20:25.004,66579,AM1V310 @324A36,22647,CCFD97FECBFE,-564,-361,-309
17/07/2021 19:20:25.064,66639,AM1V310 @324A36,22653,12FD75FEA9FE,-750,-395,-343
17/07/2021 19:20:25.094,66668,AM1V310 @324A36,22659,02FC34FEF0FD,-1022,-460,-528
17/07/2021 19:20:25.154,66729,AM1V310 @324A36,22665,35FC49FE62FD,-971,-439,-670
17/07/2021 19:20:25.214,66789,AM1V310 @324A36,22672,06FA7CFE05FE,-1530,-388,-507
17/07/2021 19:20:25.244,66819,AM1V310 @324A36,22678,35FDF0FEE8FD,-715,-272,-536
17/07/2021 19:20:25.304,66879,AM1V310 @324A36,22684,2FFB29FFE2FD,-1233,-215,-542
17/07/2021 19:20:25.364,66939,AM1V310 @324A36,22690,C2FCBFFE78FE,-830,-321,-392
17/07/2021 19:20:25.394,66969,AM1V310 @324A36,22697,5AFED8FEE4FE,-422,-296,-284
17/07/2021 19:20:25.454,67029,AM1V310 @324A36,22703,4BFEF1FEFFFE,-437,-271,-257
17/07/2021 19:20:25.514,67088,AM1V310 @324A36,22709,D5FDBEFE34FF,-555,-322,-204
17/07/2021 19:20:25.544,67119,AM1V310 @324A36,22715,41FD72FE0EFF,-703,-398,-242
17/07/2021 19:20:25.603,67178,AM1V310 @324A36,22722,D6FCD8FDC7FE,-810,-552,-313
17/07/2021 19:20:25.664,67239,AM1V310 @324A36,22728,4AFCC4FD26FE,-950,-572,-474
17/07/2021 19:20:25.694,67269,AM1V310 @324A36,22734,43FBE8FDA1FD,-1213,-536,-607
17/07/2021 19:20:25.754,67329,AM1V310 @324A36,22740,AEFBA4FD36FD,-1106,-604,-714
17/07/2021 19:20:25.814,67388,AM1V310 @324A36,22747,18FD13FE67FD,-744,-493,-665
17/07/2021 19:20:25.844,67419,AM1V310 @324A36,22753,49FC36FE68FD,-951,-458,-664
17/07/2021 19:20:25.904,67479,AM1V310 @324A36,22759,71FCBCFEE5FD,-911,-324,-539
17/07/2021 19:20:25.964,67539,AM1V310 @324A36,22765,33FEF1FEF3FE,-461,-271,-269
17/07/2021 19:20:25.994,67569,AM1V310 @324A36,22772,B0FE13FF7AFF,-336,-237,-134
17/07/2021 19:20:26.054,67629,AM1V310 @324A36,22778,ADFDBDFE6EFE,-595,-323,-402
17/07/2021 19:20:26.114,67689,AM1V310 @324A36,22784,33FD45FE40FE,-717,-443,-448
17/07/2021 19:20:26.144,67720,AM1V310 @324A36,22790,12FD96FE6DFE,-750,-362,-403
17/07/2021 19:20:26.204,67778,AM1V310 @324A36,22797,92FC76FE0EFE,-878,-394,-498
17/07/2021 19:20:26.264,67838,AM1V310 @324A36,22803,3CFBF0FE99FD,-1220,-272,-615
17/07/2021 19:20:26.294,67869,AM1V310 @324A36,22809,45FBC9FEC9FD,-1211,-311,-567
17/07/2021 19:20:26.354,67929,AM1V310 @324A36,22815,71FCEFFE3DFE,-911,-273,-451
17/07/2021 19:20:26.414,67989,AM1V310 @324A36,22822,6EFB1DFFB6FD,-1170,-227,-586
17/07/2021 19:20:26.444,68019,AM1V310 @324A36,22828,F5FB0DFF43FE,-1035,-243,-445
17/07/2021 19:20:26.504,68079,AM1V310 @324A36,22834,0CFEF0FEBEFE,-500,-272,-322
17/07/2021 19:20:26.564,68139,AM1V310 @324A36,22840,66FE00FF53FF,-410,-256,-173
17/07/2021 19:20:26.593,68169,AM1V310 @324A36,22847,17FEBFFE22FF,-489,-321,-222
17/07/2021 19:20:26.654,68229,AM1V310 @324A36,22853,2EFD8BFE0CFF,-722,-373,-244
17/07/2021 19:20:26.714,68288,AM1V310 @324A36,22859,3FFD12FE30FF,-705,-494,-208
17/07/2021 19:20:26.744,68319,AM1V310 @324A36,22865,85FCCAFD35FE,-891,-566,-459
17/07/2021 19:20:26.804,68379,AM1V310 @324A36,22872,CDFBEBFD76FD,-1075,-533,-650
17/07/2021 19:20:26.864,68439,AM1V310 @324A36,22878,A2FBC5FD98FD,-1118,-571,-616
17/07/2021 19:20:26.894,68469,AM1V310 @324A36,22884,5DFC0FFEFDFC,-931,-497,-771
17/07/2021 19:20:26.954,68529,AM1V310 @324A36,22890,60FC26FE33FD,-928,-474,-717
17/07/2021 19:20:27.014,68588,AM1V310 @324A36,22897,A4FB92FE84FD,-1116,-366,-636
17/07/2021 19:20:27.044,68619,AM1V310 @324A36,22903,8BFDC6FE7EFE,-629,-314,-386
17/07/2021 19:20:27.104,68679,AM1V310 @324A36,22909,B4FE0FFF64FF,-332,-241,-156
17/07/2021 19:20:27.164,68739,AM1V310 @324A36,22915,B7FDEEFE96FE,-585,-274,-362
17/07/2021 19:20:27.194,68768,AM1V310 @324A36,22922,6CFD87FE76FE,-660,-377,-394
17/07/2021 19:20:27.254,68829,AM1V310 @324A36,22928,A5FD4AFEA6FE,-603,-438,-346
17/07/2021 19:20:27.314,68889,AM1V310 @324A36,22934,AFFC25FE99FE,-849,-475,-359
17/07/2021 19:20:27.344,68918,AM1V310 @324A36,22940,DDFBDAFD24FE,-1059,-550,-476
17/07/2021 19:20:27.404,68979,AM1V310 @324A36,22947,F9FBCBFDFDFD,-1031,-565,-515
17/07/2021 19:20:27.464,69039,AM1V310 @324A36,22953,09FC50FEE2FD,-1015,-432,-542
17/07/2021 19:20:27.493,69068,AM1V310 @324A36,22959,FDFBBCFE30FE,-1027,-324,-464
17/07/2021 19:20:27.554,69129,AM1V310 @324A36,22965,D6FBDDFEA4FD,-1066,-291,-604
17/07/2021 19:20:27.614,69189,AM1V310 @324A36,22972,D4FDBAFEDFFE,-556,-326,-289
17/07/2021 19:20:27.644,69219,AM1V310 @324A36,22978,89FEBDFE18FF,-375,-323,-232
17/07/2021 19:20:27.704,69279,AM1V310 @324A36,22984,0BFE98FEFCFE,-501,-360,-260
17/07/2021 19:20:27.764,69338,AM1V310 @324A36,22990,5BFD42FEECFE,-677,-446,-276
17/07/2021 19:20:27.794,69369,AM1V310 @324A36,22997,30FDF0FDFAFE,-720,-528,-262
17/07/2021 19:20:27.854,69429,AM1V310 @324A36,23003,1FFDACFDAFFE,-737,-596,-337
17/07/2021 19:20:27.914,69489,AM1V310 @324A36,23009,11FC80FDA9FD,-1007,-640,-599
17/07/2021 19:20:27.944,69518,AM1V310 @324A36,23015,57FC85FDF5FD,-937,-635,-523
17/07/2021 19:20:28.004,69579,AM1V310 @324A36,23022,8EFC30FD49FD,-882,-720,-695
17/07/2021 19:20:28.064,69639,AM1V310 @324A36,23028,D3FC54FD20FD,-813,-684,-736
17/07/2021 19:20:28.094,69669,AM1V310 @324A36,23034,FAFB08FE7DFD,-1030,-504,-643
17/07/2021 19:20:28.154,69729,AM1V310 @324A36,23040,EDFC9AFE60FE,-787,-358,-416
17/07/2021 19:20:28.214,69789,AM1V310 @324A36,23047,72FEA9FE0BFF,-398,-343,-245
17/07/2021 19:20:28.243,69818,AM1V310 @324A36,23053,19FEACFEB1FE,-487,-340,-335
17/07/2021 19:20:28.304,69879,AM1V310 @324A36,23059,CEFD8FFE74FE,-562,-369,-396
17/07/2021 19:20:28.364,69939,AM1V310 @324A36,23065,C8FD6FFE9EFE,-568,-401,-354
17/07/2021 19:20:28.394,69969,AM1V310 @324A36,23072,FDFC37FE6AFE,-771,-457,-406
17/07/2021 19:20:28.454,70029,AM1V310 @324A36,23078,04FCE2FDB5FD,-1020,-542,-587
17/07/2021 19:20:28.514,70089,AM1V310 @324A36,23084,B8FBB9FDDBFD,-1096,-583,-549
17/07/2021 19:20:28.544,70118,AM1V310 @324A36,23090,EDFA3AFEEFFD,-1299,-454,-529
17/07/2021 19:20:28.604,70179,AM1V310 @324A36,23097,63FCD0FE01FE,-925,-304,-511
17/07/2021 19:20:28.664,70239,AM1V310 @324A36,23103,2FFCECFEE9FD,-977,-276,-535
17/07/2021 19:20:28.694,70268,AM1V310 @324A36,23109,9DFDA3FEE0FE,-611,-349,-288
17/07/2021 19:20:28.754,70329,AM1V310 @324A36,23115,51FEB4FE17FF,-431,-332,-233
17/07/2021 19:20:28.814,70389,AM1V310 @324A36,23122,C9FDA5FEFDFE,-567,-347,-259
17/07/2021 19:20:28.844,70418,AM1V310 @324A36,23128,87FD5FFEF7FE,-633,-417,-265
17/07/2021 19:20:28.904,70479,AM1V310 @324A36,23134,34FD1AFEE7FE,-716,-486,-281
17/07/2021 19:20:28.964,70539,AM1V310 @324A36,23140,24FDE3FDF9FE,-732,-541,-263
17/07/2021 19:20:28.994,70569,AM1V310 @324A36,23147,C5FCC4FD00FE,-827,-572,-512
17/07/2021 19:20:29.054,70629,AM1V310 @324A36,23153,A8FB08FED4FD,-1112,-504,-556
17/07/2021 19:20:29.114,70689,AM1V310 @324A36,23159,70FC94FD02FE,-912,-620,-510
17/07/2021 19:20:29.144,70718,AM1V310 @324A36,23165,B9FC9DFDF1FC,-839,-611,-783
17/07/2021 19:20:29.204,70779,AM1V310 @324A36,23172,23FC02FE8DFC,-989,-510,-883
17/07/2021 19:20:29.264,70839,AM1V310 @324A36,23178,12FCB3FEDEFD,-1006,-333,-546
17/07/2021 19:20:29.294,70869,AM1V310 @324A36,23184,B2FDFCFEE2FE,-590,-260,-286
17/07/2021 19:20:29.353,70928,AM1V310 @324A36,23190,1EFEEFFE42FF,-482,-273,-190
17/07/2021 19:20:29.414,70989,AM1V310 @324A36,23197,B1FDADFE3AFE,-591,-339,-454
17/07/2021 19:20:29.444,71019,AM1V310 @324A36,23203,B5FD6AFE6CFE,-587,-406,-404
17/07/2021 19:20:29.504,71079,AM1V310 @324A36,23209,CDFD91FECFFE,-563,-367,-305
17/07/2021 19:20:29.564,71139,AM1V310 @324A36,23215,2FFC49FE44FE,-977,-439,-444
17/07/2021 19:20:29.594,71169,AM1V310 @324A36,23222,A3FC11FED4FD,-861,-495,-556
17/07/2021 19:20:29.654,71229,AM1V310 @324A36,23228,15FCE4FD2BFE,-1003,-540,-469
17/07/2021 19:20:29.714,71289,AM1V310 @324A36,23234,04FC44FEE3FD,-1020,-444,-541
17/07/2021 19:20:29.743,71318,AM1V310 @324A36,23240,99FC01FECCFD,-871,-511,-564
17/07/2021 19:20:29.804,71379,AM1V310 @324A36,23247,5CFBD0FE51FD,-1188,-304,-687
17/07/2021 19:20:29.864,71439,AM1V310 @324A36,23253,A2FD7DFE01FF,-606,-387,-255
17/07/2021 19:20:29.894,71468,AM1V310 @324A36,23259,45FE8AFEC2FE,-443,-374,-318
17/07/2021 19:20:29.954,71529,AM1V310 @324A36,23265,0EFE5FFE12FF,-498,-417,-238
17/07/2021 19:20:30.014,71589,AM1V310 @324A36,23272,8AFD14FE20FF,-630,-492,-224
17/07/2021 19:20:30.044,71618,AM1V310 @324A36,23278,76FDCAFD1DFF,-650,-566,-227
17/07/2021 19:20:30.104,71679,AM1V310 @324A36,23284,4AFDA2FDFAFE,-694,-606,-262
17/07/2021 19:20:30.164,71739,AM1V310 @324A36,23290,6BFC80FDC4FD,-917,-640,-572
17/07/2021 19:20:30.193,71768,AM1V310 @324A36,23297,E7FBAAFDEFFD,-1049,-598,-529
17/07/2021 19:20:30.254,71829,AM1V310 @324A36,23303,7EFCEEFCBDFD,-898,-786,-579
17/07/2021 19:20:30.314,71889,AM1V310 @324A36,23309,9DFC2AFD2DFD,-867,-726,-723
17/07/2021 19:20:30.344,71918,AM1V310 @324A36,23315,12FDAAFD9FFD,-750,-598,-609
17/07/2021 19:20:30.404,71979,AM1V310 @324A36,23322,C8FC3CFEB0FD,-824,-452,-592
17/07/2021 19:20:30.464,72039,AM1V310 @324A36,23328,17FE8DFEC9FE,-489,-371,-311
17/07/2021 19:20:30.494,72068,AM1V310 @324A36,23334,21FE65FE94FE,-479,-411,-364
17/07/2021 19:20:30.554,72129,AM1V310 @324A36,23340,65FD5BFE3BFE,-667,-421,-453
17/07/2021 19:20:30.614,72189,AM1V310 @324A36,23347,ACFD22FEB8FE,-596,-478,-328
17/07/2021 19:20:30.643,72218,AM1V310 @324A36,23353,A6FDCBFD6EFE,-602,-565,-402
17/07/2021 19:20:30.704,72279,AM1V310 @324A36,23359,0AFD8EFD71FE,-758,-626,-399
17/07/2021 19:20:30.764,72339,AM1V310 @324A36,23365,FAFC5AFDA8FE,-774,-678,-344
17/07/2021 19:20:30.794,72368,AM1V310 @324A36,23372,88FC2DFDEEFD,-888,-723,-530
17/07/2021 19:20:30.853,72428,AM1V310 @324A36,23378,3FFC97FD44FE,-961,-617,-444
17/07/2021 19:20:30.927,72502,AM1V310 @324A36,23384,5FFD0EFE88FE,-673,-498,-376
17/07/2021 19:20:30.943,72518,AM1V310 @324A36,23390,60FC01FE90FD,-928,-511,-624
17/07/2021 19:20:31.004,72578,AM1V310 @324A36,23397,54FC80FE7BFE,-940,-384,-389
17/07/2021 19:20:31.063,72638,AM1V310 @324A36,23403,A5FD0EFEBFFE,-603,-498,-321
17/07/2021 19:20:31.094,72668,AM1V310 @324A36,23409,B2FD0AFEF4FE,-590,-502,-268
17/07/2021 19:20:31.154,72728,AM1V310 @324A36,23415,B6FDD8FDF7FE,-586,-552,-265
17/07/2021 19:20:31.214,72789,AM1V310 @324A36,23422,77FDB0FDCDFE,-649,-592,-307
17/07/2021 19:20:31.244,72819,AM1V310 @324A36,23428,51FDAAFDCAFE,-687,-598,-310
17/07/2021 19:20:31.304,72879,AM1V310 @324A36,23434,50FDC8FDD6FE,-688,-568,-298
17/07/2021 19:20:31.364,72939,AM1V310 @324A36,23440,48FDD3FD9AFE,-696,-557,-358
17/07/2021 19:20:31.394,72969,AM1V310 @324A36,23447,CFFCC2FD18FE,-817,-574,-488
17/07/2021 19:20:31.454,73029,AM1V310 @324A36,23453,FDFCC3FDD0FE,-771,-573,-304
17/07/2021 19:20:31.514,73088,AM1V310 @324A36,23459,F8FCFDFCAFFD,-776,-771,-593
17/07/2021 19:20:31.543,73118,AM1V310 @324A36,23465,7EFC24FDB0FD,-898,-732,-592
17/07/2021 19:20:31.604,73179,AM1V310 @324A36,23472,60FD3CFD2EFE,-672,-708,-466
17/07/2021 19:20:31.664,73239,AM1V310 @324A36,23478,59FDA6FDB8FD,-679,-602,-584
17/07/2021 19:20:31.694,73269,AM1V310 @324A36,23484,A0FD01FE41FE,-608,-511,-447
17/07/2021 19:20:31.754,73329,AM1V310 @324A36,23490,6FFD06FE2FFE,-657,-506,-465
17/07/2021 19:20:31.814,73389,AM1V310 @324A36,23497,B6FDEAFD80FE,-586,-534,-384
17/07/2021 19:20:31.844,73418,AM1V310 @324A36,23503,86FDB0FD67FE,-634,-592,-409
17/07/2021 19:20:31.904,73478,AM1V310 @324A36,23509,71FDA2FD41FE,-655,-606,-447
17/07/2021 19:20:31.964,73539,AM1V310 @324A36,23515,97FD9CFD69FE,-617,-612,-407
17/07/2021 19:20:31.993,73568,AM1V310 @324A36,23522,8AFD9FFD4AFE,-630,-609,-438
17/07/2021 19:20:32.054,73629,AM1V310 @324A36,23528,C1FD9DFD97FE,-575,-611,-361
17/07/2021 19:20:32.114,73688,AM1V310 @324A36,23534,9EFD64FD9FFE,-610,-668,-353
17/07/2021 19:20:32.144,73719,AM1V310 @324A36,23540,BEFD2EFD50FE,-578,-722,-432
17/07/2021 19:20:32.204,73779,AM1V310 @324A36,23547,9FFD8AFD86FE,-609,-630,-378
